,Level,Key,Value,Reward
0,1,Monster,10,50
1,2,Stage,10,50
2,3,Gold_DG,1,50
3,4,Dia_DG,1,50
4,5,Upgrade,10,50
5,6,Hero,10,50
6,7,Monster,20,50
7,8,Stage,20,50
8,9,Gold_DG,2,50
9,10,Dia_DG,2,50
10,11,Upgrade,20,50
11,12,Hero,20,50
12,13,Monster,30,50
13,14,Stage,30,50
14,15,Gold_DG,3,50
15,16,Dia_DG,3,50
16,17,Upgrade,30,50
17,18,Hero,30,50
18,19,Monster,40,50
19,20,Stage,40,50
20,21,Gold_DG,4,50
21,22,Dia_DG,4,50
22,23,Upgrade,40,50
23,24,Hero,40,50
24,25,Monster,50,50
25,26,Stage,50,50
26,27,Gold_DG,5,50
27,28,Dia_DG,5,50
28,29,Upgrade,50,50
29,30,Hero,50,50
30,31,Monster,60,50
31,32,Stage,60,50
32,33,Gold_DG,6,50
33,34,Dia_DG,6,50
34,35,Upgrade,60,50
35,36,Hero,60,50
36,37,Monster,70,50
37,38,Stage,70,50
38,39,Gold_DG,7,50
39,40,Dia_DG,7,50
40,41,Upgrade,70,50
41,42,Hero,70,50
42,43,Monster,80,50
43,44,Stage,80,50
44,45,Gold_DG,8,50
45,46,Dia_DG,8,50
46,47,Upgrade,80,50
47,48,Hero,80,50
48,49,Monster,90,50
49,50,Stage,90,50
50,51,Gold_DG,9,50
51,52,Dia_DG,9,50
52,53,Upgrade,90,50
53,54,Hero,90,50
54,55,Monster,100,50
55,56,Stage,100,50
56,57,Gold_DG,10,50
57,58,Dia_DG,10,50
58,59,Upgrade,100,50
59,60,Hero,100,50
60,61,Monster,110,50
61,62,Stage,110,50
62,63,Gold_DG,11,50
63,64,Dia_DG,11,50
64,65,Upgrade,110,50
65,66,Hero,110,50
66,67,Monster,120,50
67,68,Stage,120,50
68,69,Gold_DG,12,50
69,70,Dia_DG,12,50
70,71,Upgrade,120,50
71,72,Hero,120,50
72,73,Monster,130,50
73,74,Stage,130,50
74,75,Gold_DG,13,50
75,76,Dia_DG,13,50
76,77,Upgrade,130,50
77,78,Hero,130,50
78,79,Monster,140,50
79,80,Stage,140,50
80,81,Gold_DG,14,50
81,82,Dia_DG,14,50
82,83,Upgrade,140,50
83,84,Hero,140,50
84,85,Monster,150,50
85,86,Stage,150,50
86,87,Gold_DG,15,50
87,88,Dia_DG,15,50
88,89,Upgrade,150,50
89,90,Hero,150,50
90,91,Monster,160,50
91,92,Stage,160,50
92,93,Gold_DG,16,50
93,94,Dia_DG,16,50
94,95,Upgrade,160,50
95,96,Hero,160,50
96,97,Monster,170,50
97,98,Stage,170,50
98,99,Gold_DG,17,50
99,100,Dia_DG,17,50
100,101,Upgrade,170,50
101,102,Hero,170,50
102,103,Monster,180,50
103,104,Stage,180,50
104,105,Gold_DG,18,50
105,106,Dia_DG,18,50
106,107,Upgrade,180,50
107,108,Hero,180,50
108,109,Monster,190,50
109,110,Stage,190,50
110,111,Gold_DG,19,50
111,112,Dia_DG,19,50
112,113,Upgrade,190,50
113,114,Hero,190,50
114,115,Monster,200,50
115,116,Stage,200,50
116,117,Gold_DG,20,50
118,119,Upgrade,200,50
119,120,Hero,200,50
120,121,Monster,210,50
121,122,Stage,210,50
124,125,Upgrade,210,50
125,126,Hero,210,50
126,127,Monster,220,50
127,128,Stage,220,50
130,131,Upgrade,220,50
131,132,Hero,220,50
132,133,Monster,230,50
133,134,Stage,230,50
136,137,Upgrade,230,50
137,138,Hero,230,50
138,139,Monster,240,50
139,140,Stage,240,50
142,143,Upgrade,240,50
143,144,Hero,240,50
144,145,Monster,250,50
145,146,Stage,250,50
148,149,Upgrade,250,50
149,150,Hero,250,50
150,151,Monster,260,50
151,152,Stage,260,50
154,155,Upgrade,260,50
155,156,Hero,260,50
156,157,Monster,270,50
157,158,Stage,270,50
160,161,Upgrade,270,50
161,162,Hero,270,50
162,163,Monster,280,50
163,164,Stage,280,50
166,167,Upgrade,280,50
167,168,Hero,280,50
168,169,Monster,290,50
169,170,Stage,290,50
172,173,Upgrade,290,50
173,174,Hero,290,50
174,175,Monster,300,50
175,176,Stage,300,50
178,179,Upgrade,300,50
179,180,Hero,300,50
180,181,Monster,310,50
181,182,Stage,310,50
184,185,Upgrade,310,50
185,186,Hero,310,50
186,187,Monster,320,50
187,188,Stage,320,50
190,191,Upgrade,320,50
191,192,Hero,320,50
192,193,Monster,330,50
193,194,Stage,330,50
196,197,Upgrade,330,50
197,198,Hero,330,50
198,199,Monster,340,50
199,200,Stage,340,50
202,203,Upgrade,340,50
203,204,Hero,340,50
204,205,Monster,350,50
205,206,Stage,350,50
208,209,Upgrade,350,50
209,210,Hero,350,50
210,211,Monster,360,50
211,212,Stage,360,50
214,215,Upgrade,360,50
215,216,Hero,360,50
216,217,Monster,370,50
217,218,Stage,370,50
220,221,Upgrade,370,50
221,222,Hero,370,50
222,223,Monster,380,50
223,224,Stage,380,50
226,227,Upgrade,380,50
227,228,Hero,380,50
228,229,Monster,390,50
229,230,Stage,390,50
232,233,Upgrade,390,50
233,234,Hero,390,50
234,235,Monster,400,50
235,236,Stage,400,50
238,239,Upgrade,400,50
239,240,Hero,400,50
240,241,Monster,410,50
241,242,Stage,410,50
244,245,Upgrade,410,50
245,246,Hero,410,50
246,247,Monster,420,50
247,248,Stage,420,50
250,251,Upgrade,420,50
251,252,Hero,420,50
252,253,Monster,430,50
253,254,Stage,430,50
256,257,Upgrade,430,50
257,258,Hero,430,50
258,259,Monster,440,50
259,260,Stage,440,50
262,263,Upgrade,440,50
263,264,Hero,440,50
264,265,Monster,450,50
265,266,Stage,450,50
268,269,Upgrade,450,50
269,270,Hero,450,50
270,271,Monster,460,50
271,272,Stage,460,50
274,275,Upgrade,460,50
275,276,Hero,460,50
276,277,Monster,470,50
277,278,Stage,470,50
280,281,Upgrade,470,50
281,282,Hero,470,50
282,283,Monster,480,50
283,284,Stage,480,50
286,287,Upgrade,480,50
287,288,Hero,480,50
288,289,Monster,490,50
289,290,Stage,490,50
292,293,Upgrade,490,50
293,294,Hero,490,50
294,295,Monster,500,50
295,296,Stage,500,50
298,299,Upgrade,500,50
299,300,Hero,500,50
300,301,Monster,510,50
301,302,Stage,510,50
304,305,Upgrade,510,50
305,306,Hero,510,50
306,307,Monster,520,50
307,308,Stage,520,50
310,311,Upgrade,520,50
311,312,Hero,520,50
312,313,Monster,530,50
313,314,Stage,530,50
316,317,Upgrade,530,50
317,318,Hero,530,50
318,319,Monster,540,50
319,320,Stage,540,50
322,323,Upgrade,540,50
323,324,Hero,540,50
324,325,Monster,550,50
325,326,Stage,550,50
328,329,Upgrade,550,50
329,330,Hero,550,50
330,331,Monster,560,50
331,332,Stage,560,50
334,335,Upgrade,560,50
335,336,Hero,560,50
336,337,Monster,570,50
337,338,Stage,570,50
340,341,Upgrade,570,50
341,342,Hero,570,50
342,343,Monster,580,50
343,344,Stage,580,50
346,347,Upgrade,580,50
347,348,Hero,580,50
348,349,Monster,590,50
349,350,Stage,590,50
352,353,Upgrade,590,50
353,354,Hero,590,50
354,355,Monster,600,50
355,356,Stage,600,50
358,359,Upgrade,600,50
359,360,Hero,600,50
360,361,Monster,610,50
361,362,Stage,610,50
364,365,Upgrade,610,50
365,366,Hero,610,50
366,367,Monster,620,50
367,368,Stage,620,50
370,371,Upgrade,620,50
371,372,Hero,620,50
372,373,Monster,630,50
373,374,Stage,630,50
376,377,Upgrade,630,50
377,378,Hero,630,50
378,379,Monster,640,50
379,380,Stage,640,50
382,383,Upgrade,640,50
383,384,Hero,640,50
384,385,Monster,650,50
385,386,Stage,650,50
388,389,Upgrade,650,50
389,390,Hero,650,50
390,391,Monster,660,50
391,392,Stage,660,50
394,395,Upgrade,660,50
395,396,Hero,660,50
396,397,Monster,670,50
397,398,Stage,670,50
400,401,Upgrade,670,50
401,402,Hero,670,50
402,403,Monster,680,50
403,404,Stage,680,50
406,407,Upgrade,680,50
407,408,Hero,680,50
408,409,Monster,690,50
409,410,Stage,690,50
412,413,Upgrade,690,50
413,414,Hero,690,50
414,415,Monster,700,50
415,416,Stage,700,50
418,419,Upgrade,700,50
419,420,Hero,700,50
420,421,Monster,710,50
421,422,Stage,710,50
424,425,Upgrade,710,50
425,426,Hero,710,50
426,427,Monster,720,50
427,428,Stage,720,50
430,431,Upgrade,720,50
431,432,Hero,720,50
432,433,Monster,730,50
433,434,Stage,730,50
436,437,Upgrade,730,50
437,438,Hero,730,50
438,439,Monster,740,50
439,440,Stage,740,50
442,443,Upgrade,740,50
443,444,Hero,740,50
444,445,Monster,750,50
445,446,Stage,750,50
448,449,Upgrade,750,50
449,450,Hero,750,50
450,451,Monster,760,50
451,452,Stage,760,50
454,455,Upgrade,760,50
455,456,Hero,760,50
456,457,Monster,770,50
457,458,Stage,770,50
460,461,Upgrade,770,50
461,462,Hero,770,50
462,463,Monster,780,50
463,464,Stage,780,50
466,467,Upgrade,780,50
467,468,Hero,780,50
468,469,Monster,790,50
469,470,Stage,790,50
472,473,Upgrade,790,50
473,474,Hero,790,50
474,475,Monster,800,50
475,476,Stage,800,50
478,479,Upgrade,800,50
479,480,Hero,800,50
480,481,Monster,810,50
481,482,Stage,810,50
484,485,Upgrade,810,50
485,486,Hero,810,50
486,487,Monster,820,50
487,488,Stage,820,50
490,491,Upgrade,820,50
491,492,Hero,820,50
492,493,Monster,830,50
493,494,Stage,830,50
496,497,Upgrade,830,50
497,498,Hero,830,50
498,499,Monster,840,50
499,500,Stage,840,50
502,503,Upgrade,840,50
503,504,Hero,840,50
504,505,Monster,850,50
505,506,Stage,850,50
508,509,Upgrade,850,50
509,510,Hero,850,50
510,511,Monster,860,50
511,512,Stage,860,50
514,515,Upgrade,860,50
515,516,Hero,860,50
516,517,Monster,870,50
517,518,Stage,870,50
520,521,Upgrade,870,50
521,522,Hero,870,50
522,523,Monster,880,50
523,524,Stage,880,50
526,527,Upgrade,880,50
527,528,Hero,880,50
528,529,Monster,890,50
529,530,Stage,890,50
532,533,Upgrade,890,50
533,534,Hero,890,50
534,535,Monster,900,50
535,536,Stage,900,50
538,539,Upgrade,900,50
539,540,Hero,900,50
540,541,Monster,910,50
541,542,Stage,910,50
544,545,Upgrade,910,50
545,546,Hero,910,50
546,547,Monster,920,50
547,548,Stage,920,50
550,551,Upgrade,920,50
551,552,Hero,920,50
552,553,Monster,930,50
553,554,Stage,930,50
556,557,Upgrade,930,50
557,558,Hero,930,50
558,559,Monster,940,50
559,560,Stage,940,50
562,563,Upgrade,940,50
563,564,Hero,940,50
564,565,Monster,950,50
565,566,Stage,950,50
568,569,Upgrade,950,50
569,570,Hero,950,50
570,571,Monster,960,50
571,572,Stage,960,50
574,575,Upgrade,960,50
575,576,Hero,960,50
576,577,Monster,970,50
577,578,Stage,970,50
580,581,Upgrade,970,50
581,582,Hero,970,50
582,583,Monster,980,50
583,584,Stage,980,50
586,587,Upgrade,980,50
587,588,Hero,980,50
588,589,Monster,990,50
589,590,Stage,990,50
592,593,Upgrade,990,50
593,594,Hero,990,50
594,595,Monster,1000,50
595,596,Stage,1000,50
598,599,Upgrade,1000,50
599,600,Hero,1000,50
600,601,Monster,1010,50
601,602,Stage,1010,50
604,605,Upgrade,1010,50
605,606,Hero,1010,50
606,607,Monster,1020,50
607,608,Stage,1020,50
610,611,Upgrade,1020,50
611,612,Hero,1020,50
612,613,Monster,1030,50
613,614,Stage,1030,50
616,617,Upgrade,1030,50
617,618,Hero,1030,50
618,619,Monster,1040,50
619,620,Stage,1040,50
622,623,Upgrade,1040,50
623,624,Hero,1040,50
624,625,Monster,1050,50
625,626,Stage,1050,50
628,629,Upgrade,1050,50
629,630,Hero,1050,50
630,631,Monster,1060,50
631,632,Stage,1060,50
634,635,Upgrade,1060,50
635,636,Hero,1060,50
636,637,Monster,1070,50
637,638,Stage,1070,50
640,641,Upgrade,1070,50
641,642,Hero,1070,50
642,643,Monster,1080,50
643,644,Stage,1080,50
646,647,Upgrade,1080,50
647,648,Hero,1080,50
648,649,Monster,1090,50
649,650,Stage,1090,50
652,653,Upgrade,1090,50
653,654,Hero,1090,50
654,655,Monster,1100,50
655,656,Stage,1100,50
658,659,Upgrade,1100,50
659,660,Hero,1100,50
660,661,Monster,1110,50
661,662,Stage,1110,50
664,665,Upgrade,1110,50
665,666,Hero,1110,50
666,667,Monster,1120,50
667,668,Stage,1120,50
670,671,Upgrade,1120,50
671,672,Hero,1120,50
672,673,Monster,1130,50
673,674,Stage,1130,50
676,677,Upgrade,1130,50
677,678,Hero,1130,50
678,679,Monster,1140,50
679,680,Stage,1140,50
682,683,Upgrade,1140,50
683,684,Hero,1140,50
684,685,Monster,1150,50
685,686,Stage,1150,50
688,689,Upgrade,1150,50
689,690,Hero,1150,50
690,691,Monster,1160,50
691,692,Stage,1160,50
694,695,Upgrade,1160,50
695,696,Hero,1160,50
696,697,Monster,1170,50
697,698,Stage,1170,50
700,701,Upgrade,1170,50
701,702,Hero,1170,50
702,703,Monster,1180,50
703,704,Stage,1180,50
706,707,Upgrade,1180,50
707,708,Hero,1180,50
708,709,Monster,1190,50
709,710,Stage,1190,50
712,713,Upgrade,1190,50
713,714,Hero,1190,50
714,715,Monster,1200,50
715,716,Stage,1200,50
718,719,Upgrade,1200,50
719,720,Hero,1200,50
720,721,Monster,1210,50
721,722,Stage,1210,50
724,725,Upgrade,1210,50
725,726,Hero,1210,50
726,727,Monster,1220,50
727,728,Stage,1220,50
730,731,Upgrade,1220,50
731,732,Hero,1220,50
732,733,Monster,1230,50
733,734,Stage,1230,50
736,737,Upgrade,1230,50
737,738,Hero,1230,50
738,739,Monster,1240,50
739,740,Stage,1240,50
742,743,Upgrade,1240,50
743,744,Hero,1240,50
744,745,Monster,1250,50
745,746,Stage,1250,50
748,749,Upgrade,1250,50
749,750,Hero,1250,50
750,751,Monster,1260,50
751,752,Stage,1260,50
754,755,Upgrade,1260,50
755,756,Hero,1260,50
756,757,Monster,1270,50
757,758,Stage,1270,50
760,761,Upgrade,1270,50
761,762,Hero,1270,50
762,763,Monster,1280,50
763,764,Stage,1280,50
766,767,Upgrade,1280,50
767,768,Hero,1280,50
768,769,Monster,1290,50
769,770,Stage,1290,50
772,773,Upgrade,1290,50
773,774,Hero,1290,50
774,775,Monster,1300,50
775,776,Stage,1300,50
778,779,Upgrade,1300,50
779,780,Hero,1300,50
780,781,Monster,1310,50
781,782,Stage,1310,50
784,785,Upgrade,1310,50
785,786,Hero,1310,50
786,787,Monster,1320,50
787,788,Stage,1320,50
790,791,Upgrade,1320,50
791,792,Hero,1320,50
792,793,Monster,1330,50
793,794,Stage,1330,50
796,797,Upgrade,1330,50
797,798,Hero,1330,50
798,799,Monster,1340,50
799,800,Stage,1340,50
802,803,Upgrade,1340,50
803,804,Hero,1340,50
804,805,Monster,1350,50
805,806,Stage,1350,50
808,809,Upgrade,1350,50
809,810,Hero,1350,50
810,811,Monster,1360,50
811,812,Stage,1360,50
814,815,Upgrade,1360,50
815,816,Hero,1360,50
816,817,Monster,1370,50
817,818,Stage,1370,50
820,821,Upgrade,1370,50
821,822,Hero,1370,50
822,823,Monster,1380,50
823,824,Stage,1380,50
826,827,Upgrade,1380,50
827,828,Hero,1380,50
828,829,Monster,1390,50
829,830,Stage,1390,50
832,833,Upgrade,1390,50
833,834,Hero,1390,50
834,835,Monster,1400,50
835,836,Stage,1400,50
838,839,Upgrade,1400,50
839,840,Hero,1400,50
840,841,Monster,1410,50
841,842,Stage,1410,50
844,845,Upgrade,1410,50
845,846,Hero,1410,50
846,847,Monster,1420,50
847,848,Stage,1420,50
850,851,Upgrade,1420,50
851,852,Hero,1420,50
852,853,Monster,1430,50
853,854,Stage,1430,50
856,857,Upgrade,1430,50
857,858,Hero,1430,50
858,859,Monster,1440,50
859,860,Stage,1440,50
862,863,Upgrade,1440,50
863,864,Hero,1440,50
864,865,Monster,1450,50
865,866,Stage,1450,50
868,869,Upgrade,1450,50
869,870,Hero,1450,50
870,871,Monster,1460,50
871,872,Stage,1460,50
874,875,Upgrade,1460,50
875,876,Hero,1460,50
876,877,Monster,1470,50
877,878,Stage,1470,50
880,881,Upgrade,1470,50
881,882,Hero,1470,50
882,883,Monster,1480,50
883,884,Stage,1480,50
886,887,Upgrade,1480,50
887,888,Hero,1480,50
888,889,Monster,1490,50
889,890,Stage,1490,50
892,893,Upgrade,1490,50
893,894,Hero,1490,50
894,895,Monster,1500,50
895,896,Stage,1500,50
898,899,Upgrade,1500,50
899,900,Hero,1500,50
900,901,Monster,1510,50
901,902,Stage,1510,50
904,905,Upgrade,1510,50
905,906,Hero,1510,50
906,907,Monster,1520,50
907,908,Stage,1520,50
910,911,Upgrade,1520,50
911,912,Hero,1520,50
912,913,Monster,1530,50
913,914,Stage,1530,50
916,917,Upgrade,1530,50
917,918,Hero,1530,50
918,919,Monster,1540,50
919,920,Stage,1540,50
922,923,Upgrade,1540,50
923,924,Hero,1540,50
924,925,Monster,1550,50
925,926,Stage,1550,50
928,929,Upgrade,1550,50
929,930,Hero,1550,50
930,931,Monster,1560,50
931,932,Stage,1560,50
934,935,Upgrade,1560,50
935,936,Hero,1560,50
936,937,Monster,1570,50
937,938,Stage,1570,50
940,941,Upgrade,1570,50
941,942,Hero,1570,50
942,943,Monster,1580,50
943,944,Stage,1580,50
946,947,Upgrade,1580,50
947,948,Hero,1580,50
948,949,Monster,1590,50
949,950,Stage,1590,50
952,953,Upgrade,1590,50
953,954,Hero,1590,50
954,955,Monster,1600,50
955,956,Stage,1600,50
958,959,Upgrade,1600,50
959,960,Hero,1600,50
960,961,Monster,1610,50
961,962,Stage,1610,50
964,965,Upgrade,1610,50
965,966,Hero,1610,50
966,967,Monster,1620,50
967,968,Stage,1620,50
970,971,Upgrade,1620,50
971,972,Hero,1620,50
972,973,Monster,1630,50
973,974,Stage,1630,50
976,977,Upgrade,1630,50
977,978,Hero,1630,50
978,979,Monster,1640,50
979,980,Stage,1640,50
982,983,Upgrade,1640,50
983,984,Hero,1640,50
984,985,Monster,1650,50
985,986,Stage,1650,50
988,989,Upgrade,1650,50
989,990,Hero,1650,50
990,991,Monster,1660,50
991,992,Stage,1660,50
994,995,Upgrade,1660,50
995,996,Hero,1660,50
996,997,Monster,1670,50
997,998,Stage,1670,50
1000,1001,Upgrade,1670,50
1001,1002,Hero,1670,50
1002,1003,Monster,1680,50
1003,1004,Stage,1680,50
1006,1007,Upgrade,1680,50
1007,1008,Hero,1680,50
1008,1009,Monster,1690,50
1009,1010,Stage,1690,50
1012,1013,Upgrade,1690,50
1013,1014,Hero,1690,50
1014,1015,Monster,1700,50
1015,1016,Stage,1700,50
1018,1019,Upgrade,1700,50
1019,1020,Hero,1700,50
1020,1021,Monster,1710,50
1021,1022,Stage,1710,50
1024,1025,Upgrade,1710,50
1025,1026,Hero,1710,50
1026,1027,Monster,1720,50
1027,1028,Stage,1720,50
1030,1031,Upgrade,1720,50
1031,1032,Hero,1720,50
1032,1033,Monster,1730,50
1033,1034,Stage,1730,50
1036,1037,Upgrade,1730,50
1037,1038,Hero,1730,50
1038,1039,Monster,1740,50
1039,1040,Stage,1740,50
1042,1043,Upgrade,1740,50
1043,1044,Hero,1740,50
1044,1045,Monster,1750,50
1045,1046,Stage,1750,50
1048,1049,Upgrade,1750,50
1049,1050,Hero,1750,50
1050,1051,Monster,1760,50
1051,1052,Stage,1760,50
1054,1055,Upgrade,1760,50
1055,1056,Hero,1760,50
1056,1057,Monster,1770,50
1057,1058,Stage,1770,50
1060,1061,Upgrade,1770,50
1061,1062,Hero,1770,50
1062,1063,Monster,1780,50
1063,1064,Stage,1780,50
1066,1067,Upgrade,1780,50
1067,1068,Hero,1780,50
1068,1069,Monster,1790,50
1069,1070,Stage,1790,50
1072,1073,Upgrade,1790,50
1073,1074,Hero,1790,50
1074,1075,Monster,1800,50
1075,1076,Stage,1800,50
1078,1079,Upgrade,1800,50
1079,1080,Hero,1800,50
1080,1081,Monster,1810,50
1081,1082,Stage,1810,50
1084,1085,Upgrade,1810,50
1085,1086,Hero,1810,50
1086,1087,Monster,1820,50
1087,1088,Stage,1820,50
1090,1091,Upgrade,1820,50
1091,1092,Hero,1820,50
1092,1093,Monster,1830,50
1093,1094,Stage,1830,50
1096,1097,Upgrade,1830,50
1097,1098,Hero,1830,50
1098,1099,Monster,1840,50
1099,1100,Stage,1840,50
1102,1103,Upgrade,1840,50
1103,1104,Hero,1840,50
1104,1105,Monster,1850,50
1105,1106,Stage,1850,50
1108,1109,Upgrade,1850,50
1109,1110,Hero,1850,50
1110,1111,Monster,1860,50
1111,1112,Stage,1860,50
1114,1115,Upgrade,1860,50
1115,1116,Hero,1860,50
1116,1117,Monster,1870,50
1117,1118,Stage,1870,50
1120,1121,Upgrade,1870,50
1121,1122,Hero,1870,50
1122,1123,Monster,1880,50
1123,1124,Stage,1880,50
1126,1127,Upgrade,1880,50
1127,1128,Hero,1880,50
1128,1129,Monster,1890,50
1129,1130,Stage,1890,50
1132,1133,Upgrade,1890,50
1133,1134,Hero,1890,50
1134,1135,Monster,1900,50
1135,1136,Stage,1900,50
1138,1139,Upgrade,1900,50
1139,1140,Hero,1900,50
1140,1141,Monster,1910,50
1141,1142,Stage,1910,50
1144,1145,Upgrade,1910,50
1145,1146,Hero,1910,50
1146,1147,Monster,1920,50
1147,1148,Stage,1920,50
1150,1151,Upgrade,1920,50
1151,1152,Hero,1920,50
1152,1153,Monster,1930,50
1153,1154,Stage,1930,50
1156,1157,Upgrade,1930,50
1157,1158,Hero,1930,50
1158,1159,Monster,1940,50
1159,1160,Stage,1940,50
1162,1163,Upgrade,1940,50
1163,1164,Hero,1940,50
1164,1165,Monster,1950,50
1165,1166,Stage,1950,50
1168,1169,Upgrade,1950,50
1169,1170,Hero,1950,50
1170,1171,Monster,1960,50
1171,1172,Stage,1960,50
1174,1175,Upgrade,1960,50
1175,1176,Hero,1960,50
1176,1177,Monster,1970,50
1177,1178,Stage,1970,50
1180,1181,Upgrade,1970,50
1181,1182,Hero,1970,50
1182,1183,Monster,1980,50
1183,1184,Stage,1980,50
1186,1187,Upgrade,1980,50
1187,1188,Hero,1980,50
1188,1189,Monster,1990,50
1189,1190,Stage,1990,50
1192,1193,Upgrade,1990,50
1193,1194,Hero,1990,50
1194,1195,Monster,2000,50
1195,1196,Stage,2000,50
1198,1199,Upgrade,2000,50
1199,1200,Hero,2000,50
1200,1201,Monster,2010,50
1201,1202,Stage,2010,50
1204,1205,Upgrade,2010,50
1205,1206,Hero,2010,50
1206,1207,Monster,2020,50
1207,1208,Stage,2020,50
1210,1211,Upgrade,2020,50
1211,1212,Hero,2020,50
1212,1213,Monster,2030,50
1213,1214,Stage,2030,50
1216,1217,Upgrade,2030,50
1217,1218,Hero,2030,50
1218,1219,Monster,2040,50
1219,1220,Stage,2040,50
1222,1223,Upgrade,2040,50
1223,1224,Hero,2040,50
1224,1225,Monster,2050,50
1225,1226,Stage,2050,50
1228,1229,Upgrade,2050,50
1229,1230,Hero,2050,50
1230,1231,Monster,2060,50
1231,1232,Stage,2060,50
1234,1235,Upgrade,2060,50
1235,1236,Hero,2060,50
1236,1237,Monster,2070,50
1237,1238,Stage,2070,50
1240,1241,Upgrade,2070,50
1241,1242,Hero,2070,50
1242,1243,Monster,2080,50
1243,1244,Stage,2080,50
1246,1247,Upgrade,2080,50
1247,1248,Hero,2080,50
1248,1249,Monster,2090,50
1249,1250,Stage,2090,50
1252,1253,Upgrade,2090,50
1253,1254,Hero,2090,50
1254,1255,Monster,2100,50
1255,1256,Stage,2100,50
1258,1259,Upgrade,2100,50
1259,1260,Hero,2100,50
1260,1261,Monster,2110,50
1261,1262,Stage,2110,50
1264,1265,Upgrade,2110,50
1265,1266,Hero,2110,50
1266,1267,Monster,2120,50
1267,1268,Stage,2120,50
1270,1271,Upgrade,2120,50
1271,1272,Hero,2120,50
1272,1273,Monster,2130,50
1273,1274,Stage,2130,50
1276,1277,Upgrade,2130,50
1277,1278,Hero,2130,50
1278,1279,Monster,2140,50
1279,1280,Stage,2140,50
1282,1283,Upgrade,2140,50
1283,1284,Hero,2140,50
1284,1285,Monster,2150,50
1285,1286,Stage,2150,50
1288,1289,Upgrade,2150,50
1289,1290,Hero,2150,50
1290,1291,Monster,2160,50
1291,1292,Stage,2160,50
1294,1295,Upgrade,2160,50
1295,1296,Hero,2160,50
1296,1297,Monster,2170,50
1297,1298,Stage,2170,50
1300,1301,Upgrade,2170,50
1301,1302,Hero,2170,50
1302,1303,Monster,2180,50
1303,1304,Stage,2180,50
1306,1307,Upgrade,2180,50
1307,1308,Hero,2180,50
1308,1309,Monster,2190,50
1309,1310,Stage,2190,50
1312,1313,Upgrade,2190,50
1313,1314,Hero,2190,50
1314,1315,Monster,2200,50
1315,1316,Stage,2200,50
1318,1319,Upgrade,2200,50
1319,1320,Hero,2200,50
1320,1321,Monster,2210,50
1321,1322,Stage,2210,50
1324,1325,Upgrade,2210,50
1325,1326,Hero,2210,50
1326,1327,Monster,2220,50
1327,1328,Stage,2220,50
1330,1331,Upgrade,2220,50
1331,1332,Hero,2220,50
1332,1333,Monster,2230,50
1333,1334,Stage,2230,50
1336,1337,Upgrade,2230,50
1337,1338,Hero,2230,50
1338,1339,Monster,2240,50
1339,1340,Stage,2240,50
1342,1343,Upgrade,2240,50
1343,1344,Hero,2240,50
1344,1345,Monster,2250,50
1345,1346,Stage,2250,50
1348,1349,Upgrade,2250,50
1349,1350,Hero,2250,50
1350,1351,Monster,2260,50
1351,1352,Stage,2260,50
1354,1355,Upgrade,2260,50
1355,1356,Hero,2260,50
1356,1357,Monster,2270,50
1357,1358,Stage,2270,50
1360,1361,Upgrade,2270,50
1361,1362,Hero,2270,50
1362,1363,Monster,2280,50
1363,1364,Stage,2280,50
1366,1367,Upgrade,2280,50
1367,1368,Hero,2280,50
1368,1369,Monster,2290,50
1369,1370,Stage,2290,50
1372,1373,Upgrade,2290,50
1373,1374,Hero,2290,50
1374,1375,Monster,2300,50
1375,1376,Stage,2300,50
1378,1379,Upgrade,2300,50
1379,1380,Hero,2300,50
1380,1381,Monster,2310,50
1381,1382,Stage,2310,50
1384,1385,Upgrade,2310,50
1385,1386,Hero,2310,50
1386,1387,Monster,2320,50
1387,1388,Stage,2320,50
1390,1391,Upgrade,2320,50
1391,1392,Hero,2320,50
1392,1393,Monster,2330,50
1393,1394,Stage,2330,50
1396,1397,Upgrade,2330,50
1397,1398,Hero,2330,50
1398,1399,Monster,2340,50
1399,1400,Stage,2340,50
1402,1403,Upgrade,2340,50
1403,1404,Hero,2340,50
1404,1405,Monster,2350,50
1405,1406,Stage,2350,50
1408,1409,Upgrade,2350,50
1409,1410,Hero,2350,50
1410,1411,Monster,2360,50
1411,1412,Stage,2360,50
1414,1415,Upgrade,2360,50
1415,1416,Hero,2360,50
1416,1417,Monster,2370,50
1417,1418,Stage,2370,50
1420,1421,Upgrade,2370,50
1421,1422,Hero,2370,50
1422,1423,Monster,2380,50
1423,1424,Stage,2380,50
1426,1427,Upgrade,2380,50
1427,1428,Hero,2380,50
1428,1429,Monster,2390,50
1429,1430,Stage,2390,50
1432,1433,Upgrade,2390,50
1433,1434,Hero,2390,50
1434,1435,Monster,2400,50
1435,1436,Stage,2400,50
1438,1439,Upgrade,2400,50
1439,1440,Hero,2400,50
1440,1441,Monster,2410,50
1441,1442,Stage,2410,50
1444,1445,Upgrade,2410,50
1445,1446,Hero,2410,50
1446,1447,Monster,2420,50
1447,1448,Stage,2420,50
1450,1451,Upgrade,2420,50
1451,1452,Hero,2420,50
1452,1453,Monster,2430,50
1453,1454,Stage,2430,50
1456,1457,Upgrade,2430,50
1457,1458,Hero,2430,50
1458,1459,Monster,2440,50
1459,1460,Stage,2440,50
1462,1463,Upgrade,2440,50
1463,1464,Hero,2440,50
1464,1465,Monster,2450,50
1465,1466,Stage,2450,50
1468,1469,Upgrade,2450,50
1469,1470,Hero,2450,50
1470,1471,Monster,2460,50
1471,1472,Stage,2460,50
1474,1475,Upgrade,2460,50
1475,1476,Hero,2460,50
1476,1477,Monster,2470,50
1477,1478,Stage,2470,50
1480,1481,Upgrade,2470,50
1481,1482,Hero,2470,50
1482,1483,Monster,2480,50
1483,1484,Stage,2480,50
1486,1487,Upgrade,2480,50
1487,1488,Hero,2480,50
1488,1489,Monster,2490,50
1489,1490,Stage,2490,50
1492,1493,Upgrade,2490,50
1493,1494,Hero,2490,50
1494,1495,Monster,2500,50
1495,1496,Stage,2500,50
1498,1499,Upgrade,2500,50
1499,1500,Hero,2500,50
1500,1501,Monster,2510,50
1501,1502,Stage,2510,50
1504,1505,Upgrade,2510,50
1505,1506,Hero,2510,50
1506,1507,Monster,2520,50
1507,1508,Stage,2520,50
1510,1511,Upgrade,2520,50
1511,1512,Hero,2520,50
1512,1513,Monster,2530,50
1513,1514,Stage,2530,50
1516,1517,Upgrade,2530,50
1517,1518,Hero,2530,50
1518,1519,Monster,2540,50
1519,1520,Stage,2540,50
1522,1523,Upgrade,2540,50
1523,1524,Hero,2540,50
1524,1525,Monster,2550,50
1525,1526,Stage,2550,50
1528,1529,Upgrade,2550,50
1529,1530,Hero,2550,50
1530,1531,Monster,2560,50
1531,1532,Stage,2560,50
1534,1535,Upgrade,2560,50
1535,1536,Hero,2560,50
1536,1537,Monster,2570,50
1537,1538,Stage,2570,50
1540,1541,Upgrade,2570,50
1541,1542,Hero,2570,50
1542,1543,Monster,2580,50
1543,1544,Stage,2580,50
1546,1547,Upgrade,2580,50
1547,1548,Hero,2580,50
1548,1549,Monster,2590,50
1549,1550,Stage,2590,50
1552,1553,Upgrade,2590,50
1553,1554,Hero,2590,50
1554,1555,Monster,2600,50
1555,1556,Stage,2600,50
1558,1559,Upgrade,2600,50
1559,1560,Hero,2600,50
1560,1561,Monster,2610,50
1561,1562,Stage,2610,50
1564,1565,Upgrade,2610,50
1565,1566,Hero,2610,50
1566,1567,Monster,2620,50
1567,1568,Stage,2620,50
1570,1571,Upgrade,2620,50
1571,1572,Hero,2620,50
1572,1573,Monster,2630,50
1573,1574,Stage,2630,50
1576,1577,Upgrade,2630,50
1577,1578,Hero,2630,50
1578,1579,Monster,2640,50
1579,1580,Stage,2640,50
1582,1583,Upgrade,2640,50
1583,1584,Hero,2640,50
1584,1585,Monster,2650,50
1585,1586,Stage,2650,50
1588,1589,Upgrade,2650,50
1589,1590,Hero,2650,50
1590,1591,Monster,2660,50
1591,1592,Stage,2660,50
1594,1595,Upgrade,2660,50
1595,1596,Hero,2660,50
1596,1597,Monster,2670,50
1597,1598,Stage,2670,50
1600,1601,Upgrade,2670,50
1601,1602,Hero,2670,50
1602,1603,Monster,2680,50
1603,1604,Stage,2680,50
1606,1607,Upgrade,2680,50
1607,1608,Hero,2680,50
1608,1609,Monster,2690,50
1609,1610,Stage,2690,50
1612,1613,Upgrade,2690,50
1613,1614,Hero,2690,50
1614,1615,Monster,2700,50
1615,1616,Stage,2700,50
1618,1619,Upgrade,2700,50
1619,1620,Hero,2700,50
1620,1621,Monster,2710,50
1621,1622,Stage,2710,50
1624,1625,Upgrade,2710,50
1625,1626,Hero,2710,50
1626,1627,Monster,2720,50
1627,1628,Stage,2720,50
1630,1631,Upgrade,2720,50
1631,1632,Hero,2720,50
1632,1633,Monster,2730,50
1633,1634,Stage,2730,50
1636,1637,Upgrade,2730,50
1637,1638,Hero,2730,50
1638,1639,Monster,2740,50
1639,1640,Stage,2740,50
1642,1643,Upgrade,2740,50
1643,1644,Hero,2740,50
1644,1645,Monster,2750,50
1645,1646,Stage,2750,50
1648,1649,Upgrade,2750,50
1649,1650,Hero,2750,50
1650,1651,Monster,2760,50
1651,1652,Stage,2760,50
1654,1655,Upgrade,2760,50
1655,1656,Hero,2760,50
1656,1657,Monster,2770,50
1657,1658,Stage,2770,50
1660,1661,Upgrade,2770,50
1661,1662,Hero,2770,50
1662,1663,Monster,2780,50
1663,1664,Stage,2780,50
1666,1667,Upgrade,2780,50
1667,1668,Hero,2780,50
1668,1669,Monster,2790,50
1669,1670,Stage,2790,50
1672,1673,Upgrade,2790,50
1673,1674,Hero,2790,50
1674,1675,Monster,2800,50
1675,1676,Stage,2800,50
1678,1679,Upgrade,2800,50
1679,1680,Hero,2800,50
1680,1681,Monster,2810,50
1681,1682,Stage,2810,50
1684,1685,Upgrade,2810,50
1685,1686,Hero,2810,50
1686,1687,Monster,2820,50
1687,1688,Stage,2820,50
1690,1691,Upgrade,2820,50
1691,1692,Hero,2820,50
1692,1693,Monster,2830,50
1693,1694,Stage,2830,50
1696,1697,Upgrade,2830,50
1697,1698,Hero,2830,50
1698,1699,Monster,2840,50
1699,1700,Stage,2840,50
1702,1703,Upgrade,2840,50
1703,1704,Hero,2840,50
1704,1705,Monster,2850,50
1705,1706,Stage,2850,50
1708,1709,Upgrade,2850,50
1709,1710,Hero,2850,50
1710,1711,Monster,2860,50
1711,1712,Stage,2860,50
1714,1715,Upgrade,2860,50
1715,1716,Hero,2860,50
1716,1717,Monster,2870,50
1717,1718,Stage,2870,50
1720,1721,Upgrade,2870,50
1721,1722,Hero,2870,50
1722,1723,Monster,2880,50
1723,1724,Stage,2880,50
1726,1727,Upgrade,2880,50
1727,1728,Hero,2880,50
1728,1729,Monster,2890,50
1729,1730,Stage,2890,50
1732,1733,Upgrade,2890,50
1733,1734,Hero,2890,50
1734,1735,Monster,2900,50
1735,1736,Stage,2900,50
1738,1739,Upgrade,2900,50
1739,1740,Hero,2900,50
1740,1741,Monster,2910,50
1741,1742,Stage,2910,50
1744,1745,Upgrade,2910,50
1745,1746,Hero,2910,50
1746,1747,Monster,2920,50
1747,1748,Stage,2920,50
1750,1751,Upgrade,2920,50
1751,1752,Hero,2920,50
1752,1753,Monster,2930,50
1753,1754,Stage,2930,50
1756,1757,Upgrade,2930,50
1757,1758,Hero,2930,50
1758,1759,Monster,2940,50
1759,1760,Stage,2940,50
1762,1763,Upgrade,2940,50
1763,1764,Hero,2940,50
1764,1765,Monster,2950,50
1765,1766,Stage,2950,50
1768,1769,Upgrade,2950,50
1769,1770,Hero,2950,50
1770,1771,Monster,2960,50
1771,1772,Stage,2960,50
1774,1775,Upgrade,2960,50
1775,1776,Hero,2960,50
1776,1777,Monster,2970,50
1777,1778,Stage,2970,50
1780,1781,Upgrade,2970,50
1781,1782,Hero,2970,50
1782,1783,Monster,2980,50
1783,1784,Stage,2980,50
1786,1787,Upgrade,2980,50
1787,1788,Hero,2980,50
1788,1789,Monster,2990,50
1789,1790,Stage,2990,50
1792,1793,Upgrade,2990,50
1793,1794,Hero,2990,50
1794,1795,Monster,3000,50
1795,1796,Stage,3000,50
1798,1799,Upgrade,3000,50
1799,1800,Hero,3000,50
1800,1801,Monster,3010,50
1801,1802,Stage,3010,50
1804,1805,Upgrade,3010,50
1805,1806,Hero,3010,50
1806,1807,Monster,3020,50
1807,1808,Stage,3020,50
1810,1811,Upgrade,3020,50
1811,1812,Hero,3020,50
1812,1813,Monster,3030,50
1813,1814,Stage,3030,50
1816,1817,Upgrade,3030,50
1817,1818,Hero,3030,50
1818,1819,Monster,3040,50
1819,1820,Stage,3040,50
1822,1823,Upgrade,3040,50
1823,1824,Hero,3040,50
1824,1825,Monster,3050,50
1825,1826,Stage,3050,50
1828,1829,Upgrade,3050,50
1829,1830,Hero,3050,50
1830,1831,Monster,3060,50
1831,1832,Stage,3060,50
1834,1835,Upgrade,3060,50
1835,1836,Hero,3060,50
1836,1837,Monster,3070,50
1837,1838,Stage,3070,50
1840,1841,Upgrade,3070,50
1841,1842,Hero,3070,50
1842,1843,Monster,3080,50
1843,1844,Stage,3080,50
1846,1847,Upgrade,3080,50
1847,1848,Hero,3080,50
1848,1849,Monster,3090,50
1849,1850,Stage,3090,50
1852,1853,Upgrade,3090,50
1853,1854,Hero,3090,50
1854,1855,Monster,3100,50
1855,1856,Stage,3100,50
1858,1859,Upgrade,3100,50
1859,1860,Hero,3100,50
1860,1861,Monster,3110,50
1861,1862,Stage,3110,50
1864,1865,Upgrade,3110,50
1865,1866,Hero,3110,50
1866,1867,Monster,3120,50
1867,1868,Stage,3120,50
1870,1871,Upgrade,3120,50
1871,1872,Hero,3120,50
1872,1873,Monster,3130,50
1873,1874,Stage,3130,50
1876,1877,Upgrade,3130,50
1877,1878,Hero,3130,50
1878,1879,Monster,3140,50
1879,1880,Stage,3140,50
1882,1883,Upgrade,3140,50
1883,1884,Hero,3140,50
1884,1885,Monster,3150,50
1885,1886,Stage,3150,50
1888,1889,Upgrade,3150,50
1889,1890,Hero,3150,50
1890,1891,Monster,3160,50
1891,1892,Stage,3160,50
1894,1895,Upgrade,3160,50
1895,1896,Hero,3160,50
1896,1897,Monster,3170,50
1897,1898,Stage,3170,50
1900,1901,Upgrade,3170,50
1901,1902,Hero,3170,50
1902,1903,Monster,3180,50
1903,1904,Stage,3180,50
1906,1907,Upgrade,3180,50
1907,1908,Hero,3180,50
1908,1909,Monster,3190,50
1909,1910,Stage,3190,50
1912,1913,Upgrade,3190,50
1913,1914,Hero,3190,50
1914,1915,Monster,3200,50
1915,1916,Stage,3200,50
1918,1919,Upgrade,3200,50
1919,1920,Hero,3200,50
1920,1921,Monster,3210,50
1921,1922,Stage,3210,50
1924,1925,Upgrade,3210,50
1925,1926,Hero,3210,50
1926,1927,Monster,3220,50
1927,1928,Stage,3220,50
1930,1931,Upgrade,3220,50
1931,1932,Hero,3220,50
1932,1933,Monster,3230,50
1933,1934,Stage,3230,50
1936,1937,Upgrade,3230,50
1937,1938,Hero,3230,50
1938,1939,Monster,3240,50
1939,1940,Stage,3240,50
1942,1943,Upgrade,3240,50
1943,1944,Hero,3240,50
1944,1945,Monster,3250,50
1945,1946,Stage,3250,50
1948,1949,Upgrade,3250,50
1949,1950,Hero,3250,50
1950,1951,Monster,3260,50
1951,1952,Stage,3260,50
1954,1955,Upgrade,3260,50
1955,1956,Hero,3260,50
1956,1957,Monster,3270,50
1957,1958,Stage,3270,50
1960,1961,Upgrade,3270,50
1961,1962,Hero,3270,50
1962,1963,Monster,3280,50
1963,1964,Stage,3280,50
1966,1967,Upgrade,3280,50
1967,1968,Hero,3280,50
1968,1969,Monster,3290,50
1969,1970,Stage,3290,50
1972,1973,Upgrade,3290,50
1973,1974,Hero,3290,50
1974,1975,Monster,3300,50
1975,1976,Stage,3300,50
1978,1979,Upgrade,3300,50
1979,1980,Hero,3300,50
1980,1981,Monster,3310,50
1981,1982,Stage,3310,50
1984,1985,Upgrade,3310,50
1985,1986,Hero,3310,50
1986,1987,Monster,3320,50
1987,1988,Stage,3320,50
1990,1991,Upgrade,3320,50
1991,1992,Hero,3320,50
1992,1993,Monster,3330,50
1993,1994,Stage,3330,50
1996,1997,Upgrade,3330,50
1997,1998,Hero,3330,50
1998,1999,Monster,3340,50
1999,2000,Stage,3340,50
2002,2003,Upgrade,3340,50
2003,2004,Hero,3340,50
2004,2005,Monster,3350,50
2005,2006,Stage,3350,50
2008,2009,Upgrade,3350,50
2009,2010,Hero,3350,50
2010,2011,Monster,3360,50
2011,2012,Stage,3360,50
2014,2015,Upgrade,3360,50
2015,2016,Hero,3360,50
2016,2017,Monster,3370,50
2017,2018,Stage,3370,50
2020,2021,Upgrade,3370,50
2021,2022,Hero,3370,50
2022,2023,Monster,3380,50
2023,2024,Stage,3380,50
2026,2027,Upgrade,3380,50
2027,2028,Hero,3380,50
2028,2029,Monster,3390,50
2029,2030,Stage,3390,50
2032,2033,Upgrade,3390,50
2033,2034,Hero,3390,50
2034,2035,Monster,3400,50
2035,2036,Stage,3400,50
2038,2039,Upgrade,3400,50
2039,2040,Hero,3400,50
2040,2041,Monster,3410,50
2041,2042,Stage,3410,50
2044,2045,Upgrade,3410,50
2045,2046,Hero,3410,50
2046,2047,Monster,3420,50
2047,2048,Stage,3420,50
2050,2051,Upgrade,3420,50
2051,2052,Hero,3420,50
2052,2053,Monster,3430,50
2053,2054,Stage,3430,50
2056,2057,Upgrade,3430,50
2057,2058,Hero,3430,50
2058,2059,Monster,3440,50
2059,2060,Stage,3440,50
2062,2063,Upgrade,3440,50
2063,2064,Hero,3440,50
2064,2065,Monster,3450,50
2065,2066,Stage,3450,50
2068,2069,Upgrade,3450,50
2069,2070,Hero,3450,50
2070,2071,Monster,3460,50
2071,2072,Stage,3460,50
2074,2075,Upgrade,3460,50
2075,2076,Hero,3460,50
2076,2077,Monster,3470,50
2077,2078,Stage,3470,50
2080,2081,Upgrade,3470,50
2081,2082,Hero,3470,50
2082,2083,Monster,3480,50
2083,2084,Stage,3480,50
2086,2087,Upgrade,3480,50
2087,2088,Hero,3480,50
2088,2089,Monster,3490,50
2089,2090,Stage,3490,50
2092,2093,Upgrade,3490,50
2093,2094,Hero,3490,50
2094,2095,Monster,3500,50
2095,2096,Stage,3500,50
2098,2099,Upgrade,3500,50
2099,2100,Hero,3500,50
2100,2101,Monster,3510,50
2101,2102,Stage,3510,50
2104,2105,Upgrade,3510,50
2105,2106,Hero,3510,50
2106,2107,Monster,3520,50
2107,2108,Stage,3520,50
2110,2111,Upgrade,3520,50
2111,2112,Hero,3520,50
2112,2113,Monster,3530,50
2113,2114,Stage,3530,50
2116,2117,Upgrade,3530,50
2117,2118,Hero,3530,50
2118,2119,Monster,3540,50
2119,2120,Stage,3540,50
2122,2123,Upgrade,3540,50
2123,2124,Hero,3540,50
2124,2125,Monster,3550,50
2125,2126,Stage,3550,50
2128,2129,Upgrade,3550,50
2129,2130,Hero,3550,50
2130,2131,Monster,3560,50
2131,2132,Stage,3560,50
2134,2135,Upgrade,3560,50
2135,2136,Hero,3560,50
2136,2137,Monster,3570,50
2137,2138,Stage,3570,50
2140,2141,Upgrade,3570,50
2141,2142,Hero,3570,50
2142,2143,Monster,3580,50
2143,2144,Stage,3580,50
2146,2147,Upgrade,3580,50
2147,2148,Hero,3580,50
2148,2149,Monster,3590,50
2149,2150,Stage,3590,50
2152,2153,Upgrade,3590,50
2153,2154,Hero,3590,50
2154,2155,Monster,3600,50
2155,2156,Stage,3600,50
2158,2159,Upgrade,3600,50
2159,2160,Hero,3600,50
2160,2161,Monster,3610,50
2161,2162,Stage,3610,50
2164,2165,Upgrade,3610,50
2165,2166,Hero,3610,50
2166,2167,Monster,3620,50
2167,2168,Stage,3620,50
2170,2171,Upgrade,3620,50
2171,2172,Hero,3620,50
2172,2173,Monster,3630,50
2173,2174,Stage,3630,50
2176,2177,Upgrade,3630,50
2177,2178,Hero,3630,50
2178,2179,Monster,3640,50
2179,2180,Stage,3640,50
2182,2183,Upgrade,3640,50
2183,2184,Hero,3640,50
2184,2185,Monster,3650,50
2185,2186,Stage,3650,50
2188,2189,Upgrade,3650,50
2189,2190,Hero,3650,50
2190,2191,Monster,3660,50
2191,2192,Stage,3660,50
2194,2195,Upgrade,3660,50
2195,2196,Hero,3660,50
2196,2197,Monster,3670,50
2197,2198,Stage,3670,50
2200,2201,Upgrade,3670,50
2201,2202,Hero,3670,50
2202,2203,Monster,3680,50
2203,2204,Stage,3680,50
2206,2207,Upgrade,3680,50
2207,2208,Hero,3680,50
2208,2209,Monster,3690,50
2209,2210,Stage,3690,50
2212,2213,Upgrade,3690,50
2213,2214,Hero,3690,50
2214,2215,Monster,3700,50
2215,2216,Stage,3700,50
2218,2219,Upgrade,3700,50
2219,2220,Hero,3700,50
2220,2221,Monster,3710,50
2221,2222,Stage,3710,50
2224,2225,Upgrade,3710,50
2225,2226,Hero,3710,50
2226,2227,Monster,3720,50
2227,2228,Stage,3720,50
2230,2231,Upgrade,3720,50
2231,2232,Hero,3720,50
2232,2233,Monster,3730,50
2233,2234,Stage,3730,50
2236,2237,Upgrade,3730,50
2237,2238,Hero,3730,50
2238,2239,Monster,3740,50
2239,2240,Stage,3740,50
2242,2243,Upgrade,3740,50
2243,2244,Hero,3740,50
2244,2245,Monster,3750,50
2245,2246,Stage,3750,50
2248,2249,Upgrade,3750,50
2249,2250,Hero,3750,50
2250,2251,Monster,3760,50
2251,2252,Stage,3760,50
2254,2255,Upgrade,3760,50
2255,2256,Hero,3760,50
2256,2257,Monster,3770,50
2257,2258,Stage,3770,50
2260,2261,Upgrade,3770,50
2261,2262,Hero,3770,50
2262,2263,Monster,3780,50
2263,2264,Stage,3780,50
2266,2267,Upgrade,3780,50
2267,2268,Hero,3780,50
2268,2269,Monster,3790,50
2269,2270,Stage,3790,50
2272,2273,Upgrade,3790,50
2273,2274,Hero,3790,50
2274,2275,Monster,3800,50
2275,2276,Stage,3800,50
2278,2279,Upgrade,3800,50
2279,2280,Hero,3800,50
2280,2281,Monster,3810,50
2281,2282,Stage,3810,50
2284,2285,Upgrade,3810,50
2285,2286,Hero,3810,50
2286,2287,Monster,3820,50
2287,2288,Stage,3820,50
2290,2291,Upgrade,3820,50
2291,2292,Hero,3820,50
2292,2293,Monster,3830,50
2293,2294,Stage,3830,50
2296,2297,Upgrade,3830,50
2297,2298,Hero,3830,50
2298,2299,Monster,3840,50
2299,2300,Stage,3840,50
2302,2303,Upgrade,3840,50
2303,2304,Hero,3840,50
2304,2305,Monster,3850,50
2305,2306,Stage,3850,50
2308,2309,Upgrade,3850,50
2309,2310,Hero,3850,50
2310,2311,Monster,3860,50
2311,2312,Stage,3860,50
2314,2315,Upgrade,3860,50
2315,2316,Hero,3860,50
2316,2317,Monster,3870,50
2317,2318,Stage,3870,50
2320,2321,Upgrade,3870,50
2321,2322,Hero,3870,50
2322,2323,Monster,3880,50
2323,2324,Stage,3880,50
2326,2327,Upgrade,3880,50
2327,2328,Hero,3880,50
2328,2329,Monster,3890,50
2329,2330,Stage,3890,50
2332,2333,Upgrade,3890,50
2333,2334,Hero,3890,50
2334,2335,Monster,3900,50
2335,2336,Stage,3900,50
2338,2339,Upgrade,3900,50
2339,2340,Hero,3900,50
2340,2341,Monster,3910,50
2341,2342,Stage,3910,50
2344,2345,Upgrade,3910,50
2345,2346,Hero,3910,50
2346,2347,Monster,3920,50
2347,2348,Stage,3920,50
2350,2351,Upgrade,3920,50
2351,2352,Hero,3920,50
2352,2353,Monster,3930,50
2353,2354,Stage,3930,50
2356,2357,Upgrade,3930,50
2357,2358,Hero,3930,50
2358,2359,Monster,3940,50
2359,2360,Stage,3940,50
2362,2363,Upgrade,3940,50
2363,2364,Hero,3940,50
2364,2365,Monster,3950,50
2365,2366,Stage,3950,50
2368,2369,Upgrade,3950,50
2369,2370,Hero,3950,50
2370,2371,Monster,3960,50
2371,2372,Stage,3960,50
2374,2375,Upgrade,3960,50
2375,2376,Hero,3960,50
2376,2377,Monster,3970,50
2377,2378,Stage,3970,50
2380,2381,Upgrade,3970,50
2381,2382,Hero,3970,50
2382,2383,Monster,3980,50
2383,2384,Stage,3980,50
2386,2387,Upgrade,3980,50
2387,2388,Hero,3980,50
2388,2389,Monster,3990,50
2389,2390,Stage,3990,50
2392,2393,Upgrade,3990,50
2393,2394,Hero,3990,50
2394,2395,Monster,4000,50
2395,2396,Stage,4000,50
2398,2399,Upgrade,4000,50
2399,2400,Hero,4000,50
2400,2401,Monster,4010,50
2401,2402,Stage,4010,50
2404,2405,Upgrade,4010,50
2405,2406,Hero,4010,50
2406,2407,Monster,4020,50
2407,2408,Stage,4020,50
2410,2411,Upgrade,4020,50
2411,2412,Hero,4020,50
2412,2413,Monster,4030,50
2413,2414,Stage,4030,50
2416,2417,Upgrade,4030,50
2417,2418,Hero,4030,50
2418,2419,Monster,4040,50
2419,2420,Stage,4040,50
2422,2423,Upgrade,4040,50
2423,2424,Hero,4040,50
2424,2425,Monster,4050,50
2425,2426,Stage,4050,50
2428,2429,Upgrade,4050,50
2429,2430,Hero,4050,50
2430,2431,Monster,4060,50
2431,2432,Stage,4060,50
2434,2435,Upgrade,4060,50
2435,2436,Hero,4060,50
2436,2437,Monster,4070,50
2437,2438,Stage,4070,50
2440,2441,Upgrade,4070,50
2441,2442,Hero,4070,50
2442,2443,Monster,4080,50
2443,2444,Stage,4080,50
2446,2447,Upgrade,4080,50
2447,2448,Hero,4080,50
2448,2449,Monster,4090,50
2449,2450,Stage,4090,50
2452,2453,Upgrade,4090,50
2453,2454,Hero,4090,50
2454,2455,Monster,4100,50
2455,2456,Stage,4100,50
2458,2459,Upgrade,4100,50
2459,2460,Hero,4100,50
2460,2461,Monster,4110,50
2461,2462,Stage,4110,50
2464,2465,Upgrade,4110,50
2465,2466,Hero,4110,50
2466,2467,Monster,4120,50
2467,2468,Stage,4120,50
2470,2471,Upgrade,4120,50
2471,2472,Hero,4120,50
2472,2473,Monster,4130,50
2473,2474,Stage,4130,50
2476,2477,Upgrade,4130,50
2477,2478,Hero,4130,50
2478,2479,Monster,4140,50
2479,2480,Stage,4140,50
2482,2483,Upgrade,4140,50
2483,2484,Hero,4140,50
2484,2485,Monster,4150,50
2485,2486,Stage,4150,50
2488,2489,Upgrade,4150,50
2489,2490,Hero,4150,50
2490,2491,Monster,4160,50
2491,2492,Stage,4160,50
2494,2495,Upgrade,4160,50
2495,2496,Hero,4160,50
2496,2497,Monster,4170,50
2497,2498,Stage,4170,50
2500,2501,Upgrade,4170,50
2501,2502,Hero,4170,50
2502,2503,Monster,4180,50
2503,2504,Stage,4180,50
2506,2507,Upgrade,4180,50
2507,2508,Hero,4180,50
2508,2509,Monster,4190,50
2509,2510,Stage,4190,50
2512,2513,Upgrade,4190,50
2513,2514,Hero,4190,50
2514,2515,Monster,4200,50
2515,2516,Stage,4200,50
2518,2519,Upgrade,4200,50
2519,2520,Hero,4200,50
2520,2521,Monster,4210,50
2521,2522,Stage,4210,50
2524,2525,Upgrade,4210,50
2525,2526,Hero,4210,50
2526,2527,Monster,4220,50
2527,2528,Stage,4220,50
2530,2531,Upgrade,4220,50
2531,2532,Hero,4220,50
2532,2533,Monster,4230,50
2533,2534,Stage,4230,50
2536,2537,Upgrade,4230,50
2537,2538,Hero,4230,50
2538,2539,Monster,4240,50
2539,2540,Stage,4240,50
2542,2543,Upgrade,4240,50
2543,2544,Hero,4240,50
2544,2545,Monster,4250,50
2545,2546,Stage,4250,50
2548,2549,Upgrade,4250,50
2549,2550,Hero,4250,50
2550,2551,Monster,4260,50
2551,2552,Stage,4260,50
2554,2555,Upgrade,4260,50
2555,2556,Hero,4260,50
2556,2557,Monster,4270,50
2557,2558,Stage,4270,50
2560,2561,Upgrade,4270,50
2561,2562,Hero,4270,50
2562,2563,Monster,4280,50
2563,2564,Stage,4280,50
2566,2567,Upgrade,4280,50
2567,2568,Hero,4280,50
2568,2569,Monster,4290,50
2569,2570,Stage,4290,50
2572,2573,Upgrade,4290,50
2573,2574,Hero,4290,50
2574,2575,Monster,4300,50
2575,2576,Stage,4300,50
2578,2579,Upgrade,4300,50
2579,2580,Hero,4300,50
2580,2581,Monster,4310,50
2581,2582,Stage,4310,50
2584,2585,Upgrade,4310,50
2585,2586,Hero,4310,50
2586,2587,Monster,4320,50
2587,2588,Stage,4320,50
2590,2591,Upgrade,4320,50
2591,2592,Hero,4320,50
2592,2593,Monster,4330,50
2593,2594,Stage,4330,50
2596,2597,Upgrade,4330,50
2597,2598,Hero,4330,50
2598,2599,Monster,4340,50
2599,2600,Stage,4340,50
2602,2603,Upgrade,4340,50
2603,2604,Hero,4340,50
2604,2605,Monster,4350,50
2605,2606,Stage,4350,50
2608,2609,Upgrade,4350,50
2609,2610,Hero,4350,50
2610,2611,Monster,4360,50
2611,2612,Stage,4360,50
2614,2615,Upgrade,4360,50
2615,2616,Hero,4360,50
2616,2617,Monster,4370,50
2617,2618,Stage,4370,50
2620,2621,Upgrade,4370,50
2621,2622,Hero,4370,50
2622,2623,Monster,4380,50
2623,2624,Stage,4380,50
2626,2627,Upgrade,4380,50
2627,2628,Hero,4380,50
2628,2629,Monster,4390,50
2629,2630,Stage,4390,50
2632,2633,Upgrade,4390,50
2633,2634,Hero,4390,50
2634,2635,Monster,4400,50
2635,2636,Stage,4400,50
2638,2639,Upgrade,4400,50
2639,2640,Hero,4400,50
2640,2641,Monster,4410,50
2641,2642,Stage,4410,50
2644,2645,Upgrade,4410,50
2645,2646,Hero,4410,50
2646,2647,Monster,4420,50
2647,2648,Stage,4420,50
2650,2651,Upgrade,4420,50
2651,2652,Hero,4420,50
2652,2653,Monster,4430,50
2653,2654,Stage,4430,50
2656,2657,Upgrade,4430,50
2657,2658,Hero,4430,50
2658,2659,Monster,4440,50
2659,2660,Stage,4440,50
2662,2663,Upgrade,4440,50
2663,2664,Hero,4440,50
2664,2665,Monster,4450,50
2665,2666,Stage,4450,50
2668,2669,Upgrade,4450,50
2669,2670,Hero,4450,50
2670,2671,Monster,4460,50
2671,2672,Stage,4460,50
2674,2675,Upgrade,4460,50
2675,2676,Hero,4460,50
2676,2677,Monster,4470,50
2677,2678,Stage,4470,50
2680,2681,Upgrade,4470,50
2681,2682,Hero,4470,50
2682,2683,Monster,4480,50
2683,2684,Stage,4480,50
2686,2687,Upgrade,4480,50
2687,2688,Hero,4480,50
2688,2689,Monster,4490,50
2689,2690,Stage,4490,50
2692,2693,Upgrade,4490,50
2693,2694,Hero,4490,50
2694,2695,Monster,4500,50
2695,2696,Stage,4500,50
2698,2699,Upgrade,4500,50
2699,2700,Hero,4500,50
2700,2701,Monster,4510,50
2701,2702,Stage,4510,50
2704,2705,Upgrade,4510,50
2705,2706,Hero,4510,50
2706,2707,Monster,4520,50
2707,2708,Stage,4520,50
2710,2711,Upgrade,4520,50
2711,2712,Hero,4520,50
2712,2713,Monster,4530,50
2713,2714,Stage,4530,50
2716,2717,Upgrade,4530,50
2717,2718,Hero,4530,50
2718,2719,Monster,4540,50
2719,2720,Stage,4540,50
2722,2723,Upgrade,4540,50
2723,2724,Hero,4540,50
2724,2725,Monster,4550,50
2725,2726,Stage,4550,50
2728,2729,Upgrade,4550,50
2729,2730,Hero,4550,50
2730,2731,Monster,4560,50
2731,2732,Stage,4560,50
2734,2735,Upgrade,4560,50
2735,2736,Hero,4560,50
2736,2737,Monster,4570,50
2737,2738,Stage,4570,50
2740,2741,Upgrade,4570,50
2741,2742,Hero,4570,50
2742,2743,Monster,4580,50
2743,2744,Stage,4580,50
2746,2747,Upgrade,4580,50
2747,2748,Hero,4580,50
2748,2749,Monster,4590,50
2749,2750,Stage,4590,50
2752,2753,Upgrade,4590,50
2753,2754,Hero,4590,50
2754,2755,Monster,4600,50
2755,2756,Stage,4600,50
2758,2759,Upgrade,4600,50
2759,2760,Hero,4600,50
2760,2761,Monster,4610,50
2761,2762,Stage,4610,50
2764,2765,Upgrade,4610,50
2765,2766,Hero,4610,50
2766,2767,Monster,4620,50
2767,2768,Stage,4620,50
2770,2771,Upgrade,4620,50
2771,2772,Hero,4620,50
2772,2773,Monster,4630,50
2773,2774,Stage,4630,50
2776,2777,Upgrade,4630,50
2777,2778,Hero,4630,50
2778,2779,Monster,4640,50
2779,2780,Stage,4640,50
2782,2783,Upgrade,4640,50
2783,2784,Hero,4640,50
2784,2785,Monster,4650,50
2785,2786,Stage,4650,50
2788,2789,Upgrade,4650,50
2789,2790,Hero,4650,50
2790,2791,Monster,4660,50
2791,2792,Stage,4660,50
2794,2795,Upgrade,4660,50
2795,2796,Hero,4660,50
2796,2797,Monster,4670,50
2797,2798,Stage,4670,50
2800,2801,Upgrade,4670,50
2801,2802,Hero,4670,50
2802,2803,Monster,4680,50
2803,2804,Stage,4680,50
2806,2807,Upgrade,4680,50
2807,2808,Hero,4680,50
2808,2809,Monster,4690,50
2809,2810,Stage,4690,50
2812,2813,Upgrade,4690,50
2813,2814,Hero,4690,50
2814,2815,Monster,4700,50
2815,2816,Stage,4700,50
2818,2819,Upgrade,4700,50
2819,2820,Hero,4700,50
2820,2821,Monster,4710,50
2821,2822,Stage,4710,50
2824,2825,Upgrade,4710,50
2825,2826,Hero,4710,50
2826,2827,Monster,4720,50
2827,2828,Stage,4720,50
2830,2831,Upgrade,4720,50
2831,2832,Hero,4720,50
2832,2833,Monster,4730,50
2833,2834,Stage,4730,50
2836,2837,Upgrade,4730,50
2837,2838,Hero,4730,50
2838,2839,Monster,4740,50
2839,2840,Stage,4740,50
2842,2843,Upgrade,4740,50
2843,2844,Hero,4740,50
2844,2845,Monster,4750,50
2845,2846,Stage,4750,50
2848,2849,Upgrade,4750,50
2849,2850,Hero,4750,50
2850,2851,Monster,4760,50
2851,2852,Stage,4760,50
2854,2855,Upgrade,4760,50
2855,2856,Hero,4760,50
2856,2857,Monster,4770,50
2857,2858,Stage,4770,50
2860,2861,Upgrade,4770,50
2861,2862,Hero,4770,50
2862,2863,Monster,4780,50
2863,2864,Stage,4780,50
2866,2867,Upgrade,4780,50
2867,2868,Hero,4780,50
2868,2869,Monster,4790,50
2869,2870,Stage,4790,50
2872,2873,Upgrade,4790,50
2873,2874,Hero,4790,50
2874,2875,Monster,4800,50
2875,2876,Stage,4800,50
2878,2879,Upgrade,4800,50
2879,2880,Hero,4800,50
2880,2881,Monster,4810,50
2881,2882,Stage,4810,50
2884,2885,Upgrade,4810,50
2885,2886,Hero,4810,50
2886,2887,Monster,4820,50
2887,2888,Stage,4820,50
2890,2891,Upgrade,4820,50
2891,2892,Hero,4820,50
2892,2893,Monster,4830,50
2893,2894,Stage,4830,50
2896,2897,Upgrade,4830,50
2897,2898,Hero,4830,50
2898,2899,Monster,4840,50
2899,2900,Stage,4840,50
2902,2903,Upgrade,4840,50
2903,2904,Hero,4840,50
2904,2905,Monster,4850,50
2905,2906,Stage,4850,50
2908,2909,Upgrade,4850,50
2909,2910,Hero,4850,50
2910,2911,Monster,4860,50
2911,2912,Stage,4860,50
2914,2915,Upgrade,4860,50
2915,2916,Hero,4860,50
2916,2917,Monster,4870,50
2917,2918,Stage,4870,50
2920,2921,Upgrade,4870,50
2921,2922,Hero,4870,50
2922,2923,Monster,4880,50
2923,2924,Stage,4880,50
2926,2927,Upgrade,4880,50
2927,2928,Hero,4880,50
2928,2929,Monster,4890,50
2929,2930,Stage,4890,50
2932,2933,Upgrade,4890,50
2933,2934,Hero,4890,50
2934,2935,Monster,4900,50
2935,2936,Stage,4900,50
2938,2939,Upgrade,4900,50
2939,2940,Hero,4900,50
2940,2941,Monster,4910,50
2941,2942,Stage,4910,50
2944,2945,Upgrade,4910,50
2945,2946,Hero,4910,50
2946,2947,Monster,4920,50
2947,2948,Stage,4920,50
2950,2951,Upgrade,4920,50
2951,2952,Hero,4920,50
2952,2953,Monster,4930,50
2953,2954,Stage,4930,50
2956,2957,Upgrade,4930,50
2957,2958,Hero,4930,50
2958,2959,Monster,4940,50
2959,2960,Stage,4940,50
2962,2963,Upgrade,4940,50
2963,2964,Hero,4940,50
2964,2965,Monster,4950,50
2965,2966,Stage,4950,50
2968,2969,Upgrade,4950,50
2969,2970,Hero,4950,50
2970,2971,Monster,4960,50
2971,2972,Stage,4960,50
2974,2975,Upgrade,4960,50
2975,2976,Hero,4960,50
2976,2977,Monster,4970,50
2977,2978,Stage,4970,50
2980,2981,Upgrade,4970,50
2981,2982,Hero,4970,50
2982,2983,Monster,4980,50
2983,2984,Stage,4980,50
2986,2987,Upgrade,4980,50
2987,2988,Hero,4980,50
2988,2989,Monster,4990,50
2989,2990,Stage,4990,50
2992,2993,Upgrade,4990,50
2993,2994,Hero,4990,50
2994,2995,Monster,5000,50
2995,2996,Stage,5000,50
2998,2999,Upgrade,5000,50
2999,3000,Hero,5000,50
3000,3001,Monster,5010,50
3001,3002,Stage,5010,50
3004,3005,Upgrade,5010,50
3005,3006,Hero,5010,50
3006,3007,Monster,5020,50
3007,3008,Stage,5020,50
3010,3011,Upgrade,5020,50
3011,3012,Hero,5020,50
3012,3013,Monster,5030,50
3013,3014,Stage,5030,50
3016,3017,Upgrade,5030,50
3017,3018,Hero,5030,50
3018,3019,Monster,5040,50
3019,3020,Stage,5040,50
3022,3023,Upgrade,5040,50
3023,3024,Hero,5040,50
3024,3025,Monster,5050,50
3025,3026,Stage,5050,50
3028,3029,Upgrade,5050,50
3029,3030,Hero,5050,50
3030,3031,Monster,5060,50
3031,3032,Stage,5060,50
3034,3035,Upgrade,5060,50
3035,3036,Hero,5060,50
3036,3037,Monster,5070,50
3037,3038,Stage,5070,50
3040,3041,Upgrade,5070,50
3041,3042,Hero,5070,50
3042,3043,Monster,5080,50
3043,3044,Stage,5080,50
3046,3047,Upgrade,5080,50
3047,3048,Hero,5080,50
3048,3049,Monster,5090,50
3049,3050,Stage,5090,50
3052,3053,Upgrade,5090,50
3053,3054,Hero,5090,50
3054,3055,Monster,5100,50
3055,3056,Stage,5100,50
3058,3059,Upgrade,5100,50
3059,3060,Hero,5100,50
3060,3061,Monster,5110,50
3061,3062,Stage,5110,50
3064,3065,Upgrade,5110,50
3065,3066,Hero,5110,50
3066,3067,Monster,5120,50
3067,3068,Stage,5120,50
3070,3071,Upgrade,5120,50
3071,3072,Hero,5120,50
3072,3073,Monster,5130,50
3073,3074,Stage,5130,50
3076,3077,Upgrade,5130,50
3077,3078,Hero,5130,50
3078,3079,Monster,5140,50
3079,3080,Stage,5140,50
3082,3083,Upgrade,5140,50
3083,3084,Hero,5140,50
3084,3085,Monster,5150,50
3085,3086,Stage,5150,50
3088,3089,Upgrade,5150,50
3089,3090,Hero,5150,50
3090,3091,Monster,5160,50
3091,3092,Stage,5160,50
3094,3095,Upgrade,5160,50
3095,3096,Hero,5160,50
3096,3097,Monster,5170,50
3097,3098,Stage,5170,50
3100,3101,Upgrade,5170,50
3101,3102,Hero,5170,50
3102,3103,Monster,5180,50
3103,3104,Stage,5180,50
3106,3107,Upgrade,5180,50
3107,3108,Hero,5180,50
3108,3109,Monster,5190,50
3109,3110,Stage,5190,50
3112,3113,Upgrade,5190,50
3113,3114,Hero,5190,50
3114,3115,Monster,5200,50
3115,3116,Stage,5200,50
3118,3119,Upgrade,5200,50
3119,3120,Hero,5200,50
3120,3121,Monster,5210,50
3121,3122,Stage,5210,50
3124,3125,Upgrade,5210,50
3125,3126,Hero,5210,50
3126,3127,Monster,5220,50
3127,3128,Stage,5220,50
3130,3131,Upgrade,5220,50
3131,3132,Hero,5220,50
3132,3133,Monster,5230,50
3133,3134,Stage,5230,50
3136,3137,Upgrade,5230,50
3137,3138,Hero,5230,50
3138,3139,Monster,5240,50
3139,3140,Stage,5240,50
3142,3143,Upgrade,5240,50
3143,3144,Hero,5240,50
3144,3145,Monster,5250,50
3145,3146,Stage,5250,50
3148,3149,Upgrade,5250,50
3149,3150,Hero,5250,50
3150,3151,Monster,5260,50
3151,3152,Stage,5260,50
3154,3155,Upgrade,5260,50
3155,3156,Hero,5260,50
3156,3157,Monster,5270,50
3157,3158,Stage,5270,50
3160,3161,Upgrade,5270,50
3161,3162,Hero,5270,50
3162,3163,Monster,5280,50
3163,3164,Stage,5280,50
3166,3167,Upgrade,5280,50
3167,3168,Hero,5280,50
3168,3169,Monster,5290,50
3169,3170,Stage,5290,50
3172,3173,Upgrade,5290,50
3173,3174,Hero,5290,50
3174,3175,Monster,5300,50
3175,3176,Stage,5300,50
3178,3179,Upgrade,5300,50
3179,3180,Hero,5300,50
3180,3181,Monster,5310,50
3181,3182,Stage,5310,50
3184,3185,Upgrade,5310,50
3185,3186,Hero,5310,50
3186,3187,Monster,5320,50
3187,3188,Stage,5320,50
3190,3191,Upgrade,5320,50
3191,3192,Hero,5320,50
3192,3193,Monster,5330,50
3193,3194,Stage,5330,50
3196,3197,Upgrade,5330,50
3197,3198,Hero,5330,50
3198,3199,Monster,5340,50
3199,3200,Stage,5340,50
3202,3203,Upgrade,5340,50
3203,3204,Hero,5340,50
3204,3205,Monster,5350,50
3205,3206,Stage,5350,50
3208,3209,Upgrade,5350,50
3209,3210,Hero,5350,50
3210,3211,Monster,5360,50
3211,3212,Stage,5360,50
3214,3215,Upgrade,5360,50
3215,3216,Hero,5360,50
3216,3217,Monster,5370,50
3217,3218,Stage,5370,50
3220,3221,Upgrade,5370,50
3221,3222,Hero,5370,50
3222,3223,Monster,5380,50
3223,3224,Stage,5380,50
3226,3227,Upgrade,5380,50
3227,3228,Hero,5380,50
3228,3229,Monster,5390,50
3229,3230,Stage,5390,50
3232,3233,Upgrade,5390,50
3233,3234,Hero,5390,50
3234,3235,Monster,5400,50
3235,3236,Stage,5400,50
3238,3239,Upgrade,5400,50
3239,3240,Hero,5400,50
3240,3241,Monster,5410,50
3241,3242,Stage,5410,50
3244,3245,Upgrade,5410,50
3245,3246,Hero,5410,50
3246,3247,Monster,5420,50
3247,3248,Stage,5420,50
3250,3251,Upgrade,5420,50
3251,3252,Hero,5420,50
3252,3253,Monster,5430,50
3253,3254,Stage,5430,50
3256,3257,Upgrade,5430,50
3257,3258,Hero,5430,50
3258,3259,Monster,5440,50
3259,3260,Stage,5440,50
3262,3263,Upgrade,5440,50
3263,3264,Hero,5440,50
3264,3265,Monster,5450,50
3265,3266,Stage,5450,50
3268,3269,Upgrade,5450,50
3269,3270,Hero,5450,50
3270,3271,Monster,5460,50
3271,3272,Stage,5460,50
3274,3275,Upgrade,5460,50
3275,3276,Hero,5460,50
3276,3277,Monster,5470,50
3277,3278,Stage,5470,50
3280,3281,Upgrade,5470,50
3281,3282,Hero,5470,50
3282,3283,Monster,5480,50
3283,3284,Stage,5480,50
3286,3287,Upgrade,5480,50
3287,3288,Hero,5480,50
3288,3289,Monster,5490,50
3289,3290,Stage,5490,50
3292,3293,Upgrade,5490,50
3293,3294,Hero,5490,50
3294,3295,Monster,5500,50
3295,3296,Stage,5500,50
3298,3299,Upgrade,5500,50
3299,3300,Hero,5500,50
3300,3301,Monster,5510,50
3301,3302,Stage,5510,50
3304,3305,Upgrade,5510,50
3305,3306,Hero,5510,50
3306,3307,Monster,5520,50
3307,3308,Stage,5520,50
3310,3311,Upgrade,5520,50
3311,3312,Hero,5520,50
3312,3313,Monster,5530,50
3313,3314,Stage,5530,50
3316,3317,Upgrade,5530,50
3317,3318,Hero,5530,50
3318,3319,Monster,5540,50
3319,3320,Stage,5540,50
3322,3323,Upgrade,5540,50
3323,3324,Hero,5540,50
3324,3325,Monster,5550,50
3325,3326,Stage,5550,50
3328,3329,Upgrade,5550,50
3329,3330,Hero,5550,50
3330,3331,Monster,5560,50
3331,3332,Stage,5560,50
3334,3335,Upgrade,5560,50
3335,3336,Hero,5560,50
3336,3337,Monster,5570,50
3337,3338,Stage,5570,50
3340,3341,Upgrade,5570,50
3341,3342,Hero,5570,50
3342,3343,Monster,5580,50
3343,3344,Stage,5580,50
3346,3347,Upgrade,5580,50
3347,3348,Hero,5580,50
3348,3349,Monster,5590,50
3349,3350,Stage,5590,50
3352,3353,Upgrade,5590,50
3353,3354,Hero,5590,50
3354,3355,Monster,5600,50
3355,3356,Stage,5600,50
3358,3359,Upgrade,5600,50
3359,3360,Hero,5600,50
3360,3361,Monster,5610,50
3361,3362,Stage,5610,50
3364,3365,Upgrade,5610,50
3365,3366,Hero,5610,50
3366,3367,Monster,5620,50
3367,3368,Stage,5620,50
3370,3371,Upgrade,5620,50
3371,3372,Hero,5620,50
3372,3373,Monster,5630,50
3373,3374,Stage,5630,50
3376,3377,Upgrade,5630,50
3377,3378,Hero,5630,50
3378,3379,Monster,5640,50
3379,3380,Stage,5640,50
3382,3383,Upgrade,5640,50
3383,3384,Hero,5640,50
3384,3385,Monster,5650,50
3385,3386,Stage,5650,50
3388,3389,Upgrade,5650,50
3389,3390,Hero,5650,50
3390,3391,Monster,5660,50
3391,3392,Stage,5660,50
3394,3395,Upgrade,5660,50
3395,3396,Hero,5660,50
3396,3397,Monster,5670,50
3397,3398,Stage,5670,50
3400,3401,Upgrade,5670,50
3401,3402,Hero,5670,50
3402,3403,Monster,5680,50
3403,3404,Stage,5680,50
3406,3407,Upgrade,5680,50
3407,3408,Hero,5680,50
3408,3409,Monster,5690,50
3409,3410,Stage,5690,50
3412,3413,Upgrade,5690,50
3413,3414,Hero,5690,50
3414,3415,Monster,5700,50
3415,3416,Stage,5700,50
3418,3419,Upgrade,5700,50
3419,3420,Hero,5700,50
3420,3421,Monster,5710,50
3421,3422,Stage,5710,50
3424,3425,Upgrade,5710,50
3425,3426,Hero,5710,50
3426,3427,Monster,5720,50
3427,3428,Stage,5720,50
3430,3431,Upgrade,5720,50
3431,3432,Hero,5720,50
3432,3433,Monster,5730,50
3433,3434,Stage,5730,50
3436,3437,Upgrade,5730,50
3437,3438,Hero,5730,50
3438,3439,Monster,5740,50
3439,3440,Stage,5740,50
3442,3443,Upgrade,5740,50
3443,3444,Hero,5740,50
3444,3445,Monster,5750,50
3445,3446,Stage,5750,50
3448,3449,Upgrade,5750,50
3449,3450,Hero,5750,50
3450,3451,Monster,5760,50
3451,3452,Stage,5760,50
3454,3455,Upgrade,5760,50
3455,3456,Hero,5760,50
3456,3457,Monster,5770,50
3457,3458,Stage,5770,50
3460,3461,Upgrade,5770,50
3461,3462,Hero,5770,50
3462,3463,Monster,5780,50
3463,3464,Stage,5780,50
3466,3467,Upgrade,5780,50
3467,3468,Hero,5780,50
3468,3469,Monster,5790,50
3469,3470,Stage,5790,50
3472,3473,Upgrade,5790,50
3473,3474,Hero,5790,50
3474,3475,Monster,5800,50
3475,3476,Stage,5800,50
3478,3479,Upgrade,5800,50
3479,3480,Hero,5800,50
3480,3481,Monster,5810,50
3481,3482,Stage,5810,50
3484,3485,Upgrade,5810,50
3485,3486,Hero,5810,50
3486,3487,Monster,5820,50
3487,3488,Stage,5820,50
3490,3491,Upgrade,5820,50
3491,3492,Hero,5820,50
3492,3493,Monster,5830,50
3493,3494,Stage,5830,50
3496,3497,Upgrade,5830,50
3497,3498,Hero,5830,50
3498,3499,Monster,5840,50
3499,3500,Stage,5840,50
3502,3503,Upgrade,5840,50
3503,3504,Hero,5840,50
3504,3505,Monster,5850,50
3505,3506,Stage,5850,50
3508,3509,Upgrade,5850,50
3509,3510,Hero,5850,50
3510,3511,Monster,5860,50
3511,3512,Stage,5860,50
3514,3515,Upgrade,5860,50
3515,3516,Hero,5860,50
3516,3517,Monster,5870,50
3517,3518,Stage,5870,50
3520,3521,Upgrade,5870,50
3521,3522,Hero,5870,50
3522,3523,Monster,5880,50
3523,3524,Stage,5880,50
3526,3527,Upgrade,5880,50
3527,3528,Hero,5880,50
3528,3529,Monster,5890,50
3529,3530,Stage,5890,50
3532,3533,Upgrade,5890,50
3533,3534,Hero,5890,50
3534,3535,Monster,5900,50
3535,3536,Stage,5900,50
3538,3539,Upgrade,5900,50
3539,3540,Hero,5900,50
3540,3541,Monster,5910,50
3541,3542,Stage,5910,50
3544,3545,Upgrade,5910,50
3545,3546,Hero,5910,50
3546,3547,Monster,5920,50
3547,3548,Stage,5920,50
3550,3551,Upgrade,5920,50
3551,3552,Hero,5920,50
3552,3553,Monster,5930,50
3553,3554,Stage,5930,50
3556,3557,Upgrade,5930,50
3557,3558,Hero,5930,50
3558,3559,Monster,5940,50
3559,3560,Stage,5940,50
3562,3563,Upgrade,5940,50
3563,3564,Hero,5940,50
3564,3565,Monster,5950,50
3565,3566,Stage,5950,50
3568,3569,Upgrade,5950,50
3569,3570,Hero,5950,50
3570,3571,Monster,5960,50
3571,3572,Stage,5960,50
3574,3575,Upgrade,5960,50
3575,3576,Hero,5960,50
3576,3577,Monster,5970,50
3577,3578,Stage,5970,50
3580,3581,Upgrade,5970,50
3581,3582,Hero,5970,50
3582,3583,Monster,5980,50
3583,3584,Stage,5980,50
3586,3587,Upgrade,5980,50
3587,3588,Hero,5980,50
3588,3589,Monster,5990,50
3589,3590,Stage,5990,50
3592,3593,Upgrade,5990,50
3593,3594,Hero,5990,50
3594,3595,Monster,6000,50
3595,3596,Stage,6000,50
3598,3599,Upgrade,6000,50
3599,3600,Hero,6000,50
3600,3601,Monster,6010,50
3601,3602,Stage,6010,50
3604,3605,Upgrade,6010,50
3605,3606,Hero,6010,50
3606,3607,Monster,6020,50
3607,3608,Stage,6020,50
3610,3611,Upgrade,6020,50
3611,3612,Hero,6020,50
3612,3613,Monster,6030,50
3613,3614,Stage,6030,50
3616,3617,Upgrade,6030,50
3617,3618,Hero,6030,50
3618,3619,Monster,6040,50
3619,3620,Stage,6040,50
3622,3623,Upgrade,6040,50
3623,3624,Hero,6040,50
3624,3625,Monster,6050,50
3625,3626,Stage,6050,50
3628,3629,Upgrade,6050,50
3629,3630,Hero,6050,50
3630,3631,Monster,6060,50
3631,3632,Stage,6060,50
3634,3635,Upgrade,6060,50
3635,3636,Hero,6060,50
3636,3637,Monster,6070,50
3637,3638,Stage,6070,50
3640,3641,Upgrade,6070,50
3641,3642,Hero,6070,50
3642,3643,Monster,6080,50
3643,3644,Stage,6080,50
3646,3647,Upgrade,6080,50
3647,3648,Hero,6080,50
3648,3649,Monster,6090,50
3649,3650,Stage,6090,50
3652,3653,Upgrade,6090,50
3653,3654,Hero,6090,50
3654,3655,Monster,6100,50
3655,3656,Stage,6100,50
3658,3659,Upgrade,6100,50
3659,3660,Hero,6100,50
3660,3661,Monster,6110,50
3661,3662,Stage,6110,50
3664,3665,Upgrade,6110,50
3665,3666,Hero,6110,50
3666,3667,Monster,6120,50
3667,3668,Stage,6120,50
3670,3671,Upgrade,6120,50
3671,3672,Hero,6120,50
3672,3673,Monster,6130,50
3673,3674,Stage,6130,50
3676,3677,Upgrade,6130,50
3677,3678,Hero,6130,50
3678,3679,Monster,6140,50
3679,3680,Stage,6140,50
3682,3683,Upgrade,6140,50
3683,3684,Hero,6140,50
3684,3685,Monster,6150,50
3685,3686,Stage,6150,50
3688,3689,Upgrade,6150,50
3689,3690,Hero,6150,50
3690,3691,Monster,6160,50
3691,3692,Stage,6160,50
3694,3695,Upgrade,6160,50
3695,3696,Hero,6160,50
3696,3697,Monster,6170,50
3697,3698,Stage,6170,50
3700,3701,Upgrade,6170,50
3701,3702,Hero,6170,50
3702,3703,Monster,6180,50
3703,3704,Stage,6180,50
3706,3707,Upgrade,6180,50
3707,3708,Hero,6180,50
3708,3709,Monster,6190,50
3709,3710,Stage,6190,50
3712,3713,Upgrade,6190,50
3713,3714,Hero,6190,50
3714,3715,Monster,6200,50
3715,3716,Stage,6200,50
3718,3719,Upgrade,6200,50
3719,3720,Hero,6200,50
3720,3721,Monster,6210,50
3721,3722,Stage,6210,50
3724,3725,Upgrade,6210,50
3725,3726,Hero,6210,50
3726,3727,Monster,6220,50
3727,3728,Stage,6220,50
3730,3731,Upgrade,6220,50
3731,3732,Hero,6220,50
3732,3733,Monster,6230,50
3733,3734,Stage,6230,50
3736,3737,Upgrade,6230,50
3737,3738,Hero,6230,50
3738,3739,Monster,6240,50
3739,3740,Stage,6240,50
3742,3743,Upgrade,6240,50
3743,3744,Hero,6240,50
3744,3745,Monster,6250,50
3745,3746,Stage,6250,50
3748,3749,Upgrade,6250,50
3749,3750,Hero,6250,50
3750,3751,Monster,6260,50
3751,3752,Stage,6260,50
3754,3755,Upgrade,6260,50
3755,3756,Hero,6260,50
3756,3757,Monster,6270,50
3757,3758,Stage,6270,50
3760,3761,Upgrade,6270,50
3761,3762,Hero,6270,50
3762,3763,Monster,6280,50
3763,3764,Stage,6280,50
3766,3767,Upgrade,6280,50
3767,3768,Hero,6280,50
3768,3769,Monster,6290,50
3769,3770,Stage,6290,50
3772,3773,Upgrade,6290,50
3773,3774,Hero,6290,50
3774,3775,Monster,6300,50
3775,3776,Stage,6300,50
3778,3779,Upgrade,6300,50
3779,3780,Hero,6300,50
3780,3781,Monster,6310,50
3781,3782,Stage,6310,50
3784,3785,Upgrade,6310,50
3785,3786,Hero,6310,50
3786,3787,Monster,6320,50
3787,3788,Stage,6320,50
3790,3791,Upgrade,6320,50
3791,3792,Hero,6320,50
3792,3793,Monster,6330,50
3793,3794,Stage,6330,50
3796,3797,Upgrade,6330,50
3797,3798,Hero,6330,50
3798,3799,Monster,6340,50
3799,3800,Stage,6340,50
3802,3803,Upgrade,6340,50
3803,3804,Hero,6340,50
3804,3805,Monster,6350,50
3805,3806,Stage,6350,50
3808,3809,Upgrade,6350,50
3809,3810,Hero,6350,50
3810,3811,Monster,6360,50
3811,3812,Stage,6360,50
3814,3815,Upgrade,6360,50
3815,3816,Hero,6360,50
3816,3817,Monster,6370,50
3817,3818,Stage,6370,50
3820,3821,Upgrade,6370,50
3821,3822,Hero,6370,50
3822,3823,Monster,6380,50
3823,3824,Stage,6380,50
3826,3827,Upgrade,6380,50
3827,3828,Hero,6380,50
3828,3829,Monster,6390,50
3829,3830,Stage,6390,50
3832,3833,Upgrade,6390,50
3833,3834,Hero,6390,50
3834,3835,Monster,6400,50
3835,3836,Stage,6400,50
3838,3839,Upgrade,6400,50
3839,3840,Hero,6400,50
3840,3841,Monster,6410,50
3841,3842,Stage,6410,50
3844,3845,Upgrade,6410,50
3845,3846,Hero,6410,50
3846,3847,Monster,6420,50
3847,3848,Stage,6420,50
3850,3851,Upgrade,6420,50
3851,3852,Hero,6420,50
3852,3853,Monster,6430,50
3853,3854,Stage,6430,50
3856,3857,Upgrade,6430,50
3857,3858,Hero,6430,50
3858,3859,Monster,6440,50
3859,3860,Stage,6440,50
3862,3863,Upgrade,6440,50
3863,3864,Hero,6440,50
3864,3865,Monster,6450,50
3865,3866,Stage,6450,50
3868,3869,Upgrade,6450,50
3869,3870,Hero,6450,50
3870,3871,Monster,6460,50
3871,3872,Stage,6460,50
3874,3875,Upgrade,6460,50
3875,3876,Hero,6460,50
3876,3877,Monster,6470,50
3877,3878,Stage,6470,50
3880,3881,Upgrade,6470,50
3881,3882,Hero,6470,50
3882,3883,Monster,6480,50
3883,3884,Stage,6480,50
3886,3887,Upgrade,6480,50
3887,3888,Hero,6480,50
3888,3889,Monster,6490,50
3889,3890,Stage,6490,50
3892,3893,Upgrade,6490,50
3893,3894,Hero,6490,50
3894,3895,Monster,6500,50
3895,3896,Stage,6500,50
3898,3899,Upgrade,6500,50
3899,3900,Hero,6500,50
3900,3901,Monster,6510,50
3901,3902,Stage,6510,50
3904,3905,Upgrade,6510,50
3905,3906,Hero,6510,50
3906,3907,Monster,6520,50
3907,3908,Stage,6520,50
3910,3911,Upgrade,6520,50
3911,3912,Hero,6520,50
3912,3913,Monster,6530,50
3913,3914,Stage,6530,50
3916,3917,Upgrade,6530,50
3917,3918,Hero,6530,50
3918,3919,Monster,6540,50
3919,3920,Stage,6540,50
3922,3923,Upgrade,6540,50
3923,3924,Hero,6540,50
3924,3925,Monster,6550,50
3925,3926,Stage,6550,50
3928,3929,Upgrade,6550,50
3929,3930,Hero,6550,50
3930,3931,Monster,6560,50
3931,3932,Stage,6560,50
3934,3935,Upgrade,6560,50
3935,3936,Hero,6560,50
3936,3937,Monster,6570,50
3937,3938,Stage,6570,50
3940,3941,Upgrade,6570,50
3941,3942,Hero,6570,50
3942,3943,Monster,6580,50
3943,3944,Stage,6580,50
3946,3947,Upgrade,6580,50
3947,3948,Hero,6580,50
3948,3949,Monster,6590,50
3949,3950,Stage,6590,50
3952,3953,Upgrade,6590,50
3953,3954,Hero,6590,50
3954,3955,Monster,6600,50
3955,3956,Stage,6600,50
3958,3959,Upgrade,6600,50
3959,3960,Hero,6600,50
3960,3961,Monster,6610,50
3961,3962,Stage,6610,50
3964,3965,Upgrade,6610,50
3965,3966,Hero,6610,50
3966,3967,Monster,6620,50
3967,3968,Stage,6620,50
3970,3971,Upgrade,6620,50
3971,3972,Hero,6620,50
3972,3973,Monster,6630,50
3973,3974,Stage,6630,50
3976,3977,Upgrade,6630,50
3977,3978,Hero,6630,50
3978,3979,Monster,6640,50
3979,3980,Stage,6640,50
3982,3983,Upgrade,6640,50
3983,3984,Hero,6640,50
3984,3985,Monster,6650,50
3985,3986,Stage,6650,50
3988,3989,Upgrade,6650,50
3989,3990,Hero,6650,50
3990,3991,Monster,6660,50
3991,3992,Stage,6660,50
3994,3995,Upgrade,6660,50
3995,3996,Hero,6660,50
3996,3997,Monster,6670,50
3997,3998,Stage,6670,50
4000,4001,Upgrade,6670,50
4001,4002,Hero,6670,50
4002,4003,Monster,6680,50
4003,4004,Stage,6680,50
4006,4007,Upgrade,6680,50
4007,4008,Hero,6680,50
4008,4009,Monster,6690,50
4009,4010,Stage,6690,50
4012,4013,Upgrade,6690,50
4013,4014,Hero,6690,50
4014,4015,Monster,6700,50
4015,4016,Stage,6700,50
4018,4019,Upgrade,6700,50
4019,4020,Hero,6700,50
4020,4021,Monster,6710,50
4021,4022,Stage,6710,50
4024,4025,Upgrade,6710,50
4025,4026,Hero,6710,50
4026,4027,Monster,6720,50
4027,4028,Stage,6720,50
4030,4031,Upgrade,6720,50
4031,4032,Hero,6720,50
4032,4033,Monster,6730,50
4033,4034,Stage,6730,50
4036,4037,Upgrade,6730,50
4037,4038,Hero,6730,50
4038,4039,Monster,6740,50
4039,4040,Stage,6740,50
4042,4043,Upgrade,6740,50
4043,4044,Hero,6740,50
4044,4045,Monster,6750,50
4045,4046,Stage,6750,50
4048,4049,Upgrade,6750,50
4049,4050,Hero,6750,50
4050,4051,Monster,6760,50
4051,4052,Stage,6760,50
4054,4055,Upgrade,6760,50
4055,4056,Hero,6760,50
4056,4057,Monster,6770,50
4057,4058,Stage,6770,50
4060,4061,Upgrade,6770,50
4061,4062,Hero,6770,50
4062,4063,Monster,6780,50
4063,4064,Stage,6780,50
4066,4067,Upgrade,6780,50
4067,4068,Hero,6780,50
4068,4069,Monster,6790,50
4069,4070,Stage,6790,50
4072,4073,Upgrade,6790,50
4073,4074,Hero,6790,50
4074,4075,Monster,6800,50
4075,4076,Stage,6800,50
4078,4079,Upgrade,6800,50
4079,4080,Hero,6800,50
4080,4081,Monster,6810,50
4081,4082,Stage,6810,50
4084,4085,Upgrade,6810,50
4085,4086,Hero,6810,50
4086,4087,Monster,6820,50
4087,4088,Stage,6820,50
4090,4091,Upgrade,6820,50
4091,4092,Hero,6820,50
4092,4093,Monster,6830,50
4093,4094,Stage,6830,50
4096,4097,Upgrade,6830,50
4097,4098,Hero,6830,50
4098,4099,Monster,6840,50
4099,4100,Stage,6840,50
4102,4103,Upgrade,6840,50
4103,4104,Hero,6840,50
4104,4105,Monster,6850,50
4105,4106,Stage,6850,50
4108,4109,Upgrade,6850,50
4109,4110,Hero,6850,50
4110,4111,Monster,6860,50
4111,4112,Stage,6860,50
4114,4115,Upgrade,6860,50
4115,4116,Hero,6860,50
4116,4117,Monster,6870,50
4117,4118,Stage,6870,50
4120,4121,Upgrade,6870,50
4121,4122,Hero,6870,50
4122,4123,Monster,6880,50
4123,4124,Stage,6880,50
4126,4127,Upgrade,6880,50
4127,4128,Hero,6880,50
4128,4129,Monster,6890,50
4129,4130,Stage,6890,50
4132,4133,Upgrade,6890,50
4133,4134,Hero,6890,50
4134,4135,Monster,6900,50
4135,4136,Stage,6900,50
4138,4139,Upgrade,6900,50
4139,4140,Hero,6900,50
4140,4141,Monster,6910,50
4141,4142,Stage,6910,50
4144,4145,Upgrade,6910,50
4145,4146,Hero,6910,50
4146,4147,Monster,6920,50
4147,4148,Stage,6920,50
4150,4151,Upgrade,6920,50
4151,4152,Hero,6920,50
4152,4153,Monster,6930,50
4153,4154,Stage,6930,50
4156,4157,Upgrade,6930,50
4157,4158,Hero,6930,50
4158,4159,Monster,6940,50
4159,4160,Stage,6940,50
4162,4163,Upgrade,6940,50
4163,4164,Hero,6940,50
4164,4165,Monster,6950,50
4165,4166,Stage,6950,50
4168,4169,Upgrade,6950,50
4169,4170,Hero,6950,50
4170,4171,Monster,6960,50
4171,4172,Stage,6960,50
4174,4175,Upgrade,6960,50
4175,4176,Hero,6960,50
4176,4177,Monster,6970,50
4177,4178,Stage,6970,50
4180,4181,Upgrade,6970,50
4181,4182,Hero,6970,50
4182,4183,Monster,6980,50
4183,4184,Stage,6980,50
4186,4187,Upgrade,6980,50
4187,4188,Hero,6980,50
4188,4189,Monster,6990,50
4189,4190,Stage,6990,50
4192,4193,Upgrade,6990,50
4193,4194,Hero,6990,50
4194,4195,Monster,7000,50
4195,4196,Stage,7000,50
4198,4199,Upgrade,7000,50
4199,4200,Hero,7000,50
4200,4201,Monster,7010,50
4201,4202,Stage,7010,50
4204,4205,Upgrade,7010,50
4205,4206,Hero,7010,50
4206,4207,Monster,7020,50
4207,4208,Stage,7020,50
4210,4211,Upgrade,7020,50
4211,4212,Hero,7020,50
4212,4213,Monster,7030,50
4213,4214,Stage,7030,50
4216,4217,Upgrade,7030,50
4217,4218,Hero,7030,50
4218,4219,Monster,7040,50
4219,4220,Stage,7040,50
4222,4223,Upgrade,7040,50
4223,4224,Hero,7040,50
4224,4225,Monster,7050,50
4225,4226,Stage,7050,50
4228,4229,Upgrade,7050,50
4229,4230,Hero,7050,50
4230,4231,Monster,7060,50
4231,4232,Stage,7060,50
4234,4235,Upgrade,7060,50
4235,4236,Hero,7060,50
4236,4237,Monster,7070,50
4237,4238,Stage,7070,50
4240,4241,Upgrade,7070,50
4241,4242,Hero,7070,50
4242,4243,Monster,7080,50
4243,4244,Stage,7080,50
4246,4247,Upgrade,7080,50
4247,4248,Hero,7080,50
4248,4249,Monster,7090,50
4249,4250,Stage,7090,50
4252,4253,Upgrade,7090,50
4253,4254,Hero,7090,50
4254,4255,Monster,7100,50
4255,4256,Stage,7100,50
4258,4259,Upgrade,7100,50
4259,4260,Hero,7100,50
4260,4261,Monster,7110,50
4261,4262,Stage,7110,50
4264,4265,Upgrade,7110,50
4265,4266,Hero,7110,50
4266,4267,Monster,7120,50
4267,4268,Stage,7120,50
4270,4271,Upgrade,7120,50
4271,4272,Hero,7120,50
4272,4273,Monster,7130,50
4273,4274,Stage,7130,50
4276,4277,Upgrade,7130,50
4277,4278,Hero,7130,50
4278,4279,Monster,7140,50
4279,4280,Stage,7140,50
4282,4283,Upgrade,7140,50
4283,4284,Hero,7140,50
4284,4285,Monster,7150,50
4285,4286,Stage,7150,50
4288,4289,Upgrade,7150,50
4289,4290,Hero,7150,50
4290,4291,Monster,7160,50
4291,4292,Stage,7160,50
4294,4295,Upgrade,7160,50
4295,4296,Hero,7160,50
4296,4297,Monster,7170,50
4297,4298,Stage,7170,50
4300,4301,Upgrade,7170,50
4301,4302,Hero,7170,50
4302,4303,Monster,7180,50
4303,4304,Stage,7180,50
4306,4307,Upgrade,7180,50
4307,4308,Hero,7180,50
4308,4309,Monster,7190,50
4309,4310,Stage,7190,50
4312,4313,Upgrade,7190,50
4313,4314,Hero,7190,50
4314,4315,Monster,7200,50
4315,4316,Stage,7200,50
4318,4319,Upgrade,7200,50
4319,4320,Hero,7200,50
4320,4321,Monster,7210,50
4321,4322,Stage,7210,50
4324,4325,Upgrade,7210,50
4325,4326,Hero,7210,50
4326,4327,Monster,7220,50
4327,4328,Stage,7220,50
4330,4331,Upgrade,7220,50
4331,4332,Hero,7220,50
4332,4333,Monster,7230,50
4333,4334,Stage,7230,50
4336,4337,Upgrade,7230,50
4337,4338,Hero,7230,50
4338,4339,Monster,7240,50
4339,4340,Stage,7240,50
4342,4343,Upgrade,7240,50
4343,4344,Hero,7240,50
4344,4345,Monster,7250,50
4345,4346,Stage,7250,50
4348,4349,Upgrade,7250,50
4349,4350,Hero,7250,50
4350,4351,Monster,7260,50
4351,4352,Stage,7260,50
4354,4355,Upgrade,7260,50
4355,4356,Hero,7260,50
4356,4357,Monster,7270,50
4357,4358,Stage,7270,50
4360,4361,Upgrade,7270,50
4361,4362,Hero,7270,50
4362,4363,Monster,7280,50
4363,4364,Stage,7280,50
4366,4367,Upgrade,7280,50
4367,4368,Hero,7280,50
4368,4369,Monster,7290,50
4369,4370,Stage,7290,50
4372,4373,Upgrade,7290,50
4373,4374,Hero,7290,50
4374,4375,Monster,7300,50
4375,4376,Stage,7300,50
4378,4379,Upgrade,7300,50
4379,4380,Hero,7300,50
4380,4381,Monster,7310,50
4381,4382,Stage,7310,50
4384,4385,Upgrade,7310,50
4385,4386,Hero,7310,50
4386,4387,Monster,7320,50
4387,4388,Stage,7320,50
4390,4391,Upgrade,7320,50
4391,4392,Hero,7320,50
4392,4393,Monster,7330,50
4393,4394,Stage,7330,50
4396,4397,Upgrade,7330,50
4397,4398,Hero,7330,50
4398,4399,Monster,7340,50
4399,4400,Stage,7340,50
4402,4403,Upgrade,7340,50
4403,4404,Hero,7340,50
4404,4405,Monster,7350,50
4405,4406,Stage,7350,50
4408,4409,Upgrade,7350,50
4409,4410,Hero,7350,50
4410,4411,Monster,7360,50
4411,4412,Stage,7360,50
4414,4415,Upgrade,7360,50
4415,4416,Hero,7360,50
4416,4417,Monster,7370,50
4417,4418,Stage,7370,50
4420,4421,Upgrade,7370,50
4421,4422,Hero,7370,50
4422,4423,Monster,7380,50
4423,4424,Stage,7380,50
4426,4427,Upgrade,7380,50
4427,4428,Hero,7380,50
4428,4429,Monster,7390,50
4429,4430,Stage,7390,50
4432,4433,Upgrade,7390,50
4433,4434,Hero,7390,50
4434,4435,Monster,7400,50
4435,4436,Stage,7400,50
4438,4439,Upgrade,7400,50
4439,4440,Hero,7400,50
4440,4441,Monster,7410,50
4441,4442,Stage,7410,50
4444,4445,Upgrade,7410,50
4445,4446,Hero,7410,50
4446,4447,Monster,7420,50
4447,4448,Stage,7420,50
4450,4451,Upgrade,7420,50
4451,4452,Hero,7420,50
4452,4453,Monster,7430,50
4453,4454,Stage,7430,50
4456,4457,Upgrade,7430,50
4457,4458,Hero,7430,50
4458,4459,Monster,7440,50
4459,4460,Stage,7440,50
4462,4463,Upgrade,7440,50
4463,4464,Hero,7440,50
4464,4465,Monster,7450,50
4465,4466,Stage,7450,50
4468,4469,Upgrade,7450,50
4469,4470,Hero,7450,50
4470,4471,Monster,7460,50
4471,4472,Stage,7460,50
4474,4475,Upgrade,7460,50
4475,4476,Hero,7460,50
4476,4477,Monster,7470,50
4477,4478,Stage,7470,50
4480,4481,Upgrade,7470,50
4481,4482,Hero,7470,50
4482,4483,Monster,7480,50
4483,4484,Stage,7480,50
4486,4487,Upgrade,7480,50
4487,4488,Hero,7480,50
4488,4489,Monster,7490,50
4489,4490,Stage,7490,50
4492,4493,Upgrade,7490,50
4493,4494,Hero,7490,50
4494,4495,Monster,7500,50
4495,4496,Stage,7500,50
4498,4499,Upgrade,7500,50
4499,4500,Hero,7500,50
4500,4501,Monster,7510,50
4501,4502,Stage,7510,50
4504,4505,Upgrade,7510,50
4505,4506,Hero,7510,50
4506,4507,Monster,7520,50
4507,4508,Stage,7520,50
4510,4511,Upgrade,7520,50
4511,4512,Hero,7520,50
4512,4513,Monster,7530,50
4513,4514,Stage,7530,50
4516,4517,Upgrade,7530,50
4517,4518,Hero,7530,50
4518,4519,Monster,7540,50
4519,4520,Stage,7540,50
4522,4523,Upgrade,7540,50
4523,4524,Hero,7540,50
4524,4525,Monster,7550,50
4525,4526,Stage,7550,50
4528,4529,Upgrade,7550,50
4529,4530,Hero,7550,50
4530,4531,Monster,7560,50
4531,4532,Stage,7560,50
4534,4535,Upgrade,7560,50
4535,4536,Hero,7560,50
4536,4537,Monster,7570,50
4537,4538,Stage,7570,50
4540,4541,Upgrade,7570,50
4541,4542,Hero,7570,50
4542,4543,Monster,7580,50
4543,4544,Stage,7580,50
4546,4547,Upgrade,7580,50
4547,4548,Hero,7580,50
4548,4549,Monster,7590,50
4549,4550,Stage,7590,50
4552,4553,Upgrade,7590,50
4553,4554,Hero,7590,50
4554,4555,Monster,7600,50
4555,4556,Stage,7600,50
4558,4559,Upgrade,7600,50
4559,4560,Hero,7600,50
4560,4561,Monster,7610,50
4561,4562,Stage,7610,50
4564,4565,Upgrade,7610,50
4565,4566,Hero,7610,50
4566,4567,Monster,7620,50
4567,4568,Stage,7620,50
4570,4571,Upgrade,7620,50
4571,4572,Hero,7620,50
4572,4573,Monster,7630,50
4573,4574,Stage,7630,50
4576,4577,Upgrade,7630,50
4577,4578,Hero,7630,50
4578,4579,Monster,7640,50
4579,4580,Stage,7640,50
4582,4583,Upgrade,7640,50
4583,4584,Hero,7640,50
4584,4585,Monster,7650,50
4585,4586,Stage,7650,50
4588,4589,Upgrade,7650,50
4589,4590,Hero,7650,50
4590,4591,Monster,7660,50
4591,4592,Stage,7660,50
4594,4595,Upgrade,7660,50
4595,4596,Hero,7660,50
4596,4597,Monster,7670,50
4597,4598,Stage,7670,50
4600,4601,Upgrade,7670,50
4601,4602,Hero,7670,50
4602,4603,Monster,7680,50
4603,4604,Stage,7680,50
4606,4607,Upgrade,7680,50
4607,4608,Hero,7680,50
4608,4609,Monster,7690,50
4609,4610,Stage,7690,50
4612,4613,Upgrade,7690,50
4613,4614,Hero,7690,50
4614,4615,Monster,7700,50
4615,4616,Stage,7700,50
4618,4619,Upgrade,7700,50
4619,4620,Hero,7700,50
4620,4621,Monster,7710,50
4621,4622,Stage,7710,50
4624,4625,Upgrade,7710,50
4625,4626,Hero,7710,50
4626,4627,Monster,7720,50
4627,4628,Stage,7720,50
4630,4631,Upgrade,7720,50
4631,4632,Hero,7720,50
4632,4633,Monster,7730,50
4633,4634,Stage,7730,50
4636,4637,Upgrade,7730,50
4637,4638,Hero,7730,50
4638,4639,Monster,7740,50
4639,4640,Stage,7740,50
4642,4643,Upgrade,7740,50
4643,4644,Hero,7740,50
4644,4645,Monster,7750,50
4645,4646,Stage,7750,50
4648,4649,Upgrade,7750,50
4649,4650,Hero,7750,50
4650,4651,Monster,7760,50
4651,4652,Stage,7760,50
4654,4655,Upgrade,7760,50
4655,4656,Hero,7760,50
4656,4657,Monster,7770,50
4657,4658,Stage,7770,50
4660,4661,Upgrade,7770,50
4661,4662,Hero,7770,50
4662,4663,Monster,7780,50
4663,4664,Stage,7780,50
4666,4667,Upgrade,7780,50
4667,4668,Hero,7780,50
4668,4669,Monster,7790,50
4669,4670,Stage,7790,50
4672,4673,Upgrade,7790,50
4673,4674,Hero,7790,50
4674,4675,Monster,7800,50
4675,4676,Stage,7800,50
4678,4679,Upgrade,7800,50
4679,4680,Hero,7800,50
4680,4681,Monster,7810,50
4681,4682,Stage,7810,50
4684,4685,Upgrade,7810,50
4685,4686,Hero,7810,50
4686,4687,Monster,7820,50
4687,4688,Stage,7820,50
4690,4691,Upgrade,7820,50
4691,4692,Hero,7820,50
4692,4693,Monster,7830,50
4693,4694,Stage,7830,50
4696,4697,Upgrade,7830,50
4697,4698,Hero,7830,50
4698,4699,Monster,7840,50
4699,4700,Stage,7840,50
4702,4703,Upgrade,7840,50
4703,4704,Hero,7840,50
4704,4705,Monster,7850,50
4705,4706,Stage,7850,50
4708,4709,Upgrade,7850,50
4709,4710,Hero,7850,50
4710,4711,Monster,7860,50
4711,4712,Stage,7860,50
4714,4715,Upgrade,7860,50
4715,4716,Hero,7860,50
4716,4717,Monster,7870,50
4717,4718,Stage,7870,50
4720,4721,Upgrade,7870,50
4721,4722,Hero,7870,50
4722,4723,Monster,7880,50
4723,4724,Stage,7880,50
4726,4727,Upgrade,7880,50
4727,4728,Hero,7880,50
4728,4729,Monster,7890,50
4729,4730,Stage,7890,50
4732,4733,Upgrade,7890,50
4733,4734,Hero,7890,50
4734,4735,Monster,7900,50
4735,4736,Stage,7900,50
4738,4739,Upgrade,7900,50
4739,4740,Hero,7900,50
4740,4741,Monster,7910,50
4741,4742,Stage,7910,50
4744,4745,Upgrade,7910,50
4745,4746,Hero,7910,50
4746,4747,Monster,7920,50
4747,4748,Stage,7920,50
4750,4751,Upgrade,7920,50
4751,4752,Hero,7920,50
4752,4753,Monster,7930,50
4753,4754,Stage,7930,50
4756,4757,Upgrade,7930,50
4757,4758,Hero,7930,50
4758,4759,Monster,7940,50
4759,4760,Stage,7940,50
4762,4763,Upgrade,7940,50
4763,4764,Hero,7940,50
4764,4765,Monster,7950,50
4765,4766,Stage,7950,50
4768,4769,Upgrade,7950,50
4769,4770,Hero,7950,50
4770,4771,Monster,7960,50
4771,4772,Stage,7960,50
4774,4775,Upgrade,7960,50
4775,4776,Hero,7960,50
4776,4777,Monster,7970,50
4777,4778,Stage,7970,50
4780,4781,Upgrade,7970,50
4781,4782,Hero,7970,50
4782,4783,Monster,7980,50
4783,4784,Stage,7980,50
4786,4787,Upgrade,7980,50
4787,4788,Hero,7980,50
4788,4789,Monster,7990,50
4789,4790,Stage,7990,50
4792,4793,Upgrade,7990,50
4793,4794,Hero,7990,50
4794,4795,Monster,8000,50
4795,4796,Stage,8000,50
4798,4799,Upgrade,8000,50
4799,4800,Hero,8000,50
4800,4801,Monster,8010,50
4801,4802,Stage,8010,50
4804,4805,Upgrade,8010,50
4805,4806,Hero,8010,50
4806,4807,Monster,8020,50
4807,4808,Stage,8020,50
4810,4811,Upgrade,8020,50
4811,4812,Hero,8020,50
4812,4813,Monster,8030,50
4813,4814,Stage,8030,50
4816,4817,Upgrade,8030,50
4817,4818,Hero,8030,50
4818,4819,Monster,8040,50
4819,4820,Stage,8040,50
4822,4823,Upgrade,8040,50
4823,4824,Hero,8040,50
4824,4825,Monster,8050,50
4825,4826,Stage,8050,50
4828,4829,Upgrade,8050,50
4829,4830,Hero,8050,50
4830,4831,Monster,8060,50
4831,4832,Stage,8060,50
4834,4835,Upgrade,8060,50
4835,4836,Hero,8060,50
4836,4837,Monster,8070,50
4837,4838,Stage,8070,50
4840,4841,Upgrade,8070,50
4841,4842,Hero,8070,50
4842,4843,Monster,8080,50
4843,4844,Stage,8080,50
4846,4847,Upgrade,8080,50
4847,4848,Hero,8080,50
4848,4849,Monster,8090,50
4849,4850,Stage,8090,50
4852,4853,Upgrade,8090,50
4853,4854,Hero,8090,50
4854,4855,Monster,8100,50
4855,4856,Stage,8100,50
4858,4859,Upgrade,8100,50
4859,4860,Hero,8100,50
4860,4861,Monster,8110,50
4861,4862,Stage,8110,50
4864,4865,Upgrade,8110,50
4865,4866,Hero,8110,50
4866,4867,Monster,8120,50
4867,4868,Stage,8120,50
4870,4871,Upgrade,8120,50
4871,4872,Hero,8120,50
4872,4873,Monster,8130,50
4873,4874,Stage,8130,50
4876,4877,Upgrade,8130,50
4877,4878,Hero,8130,50
4878,4879,Monster,8140,50
4879,4880,Stage,8140,50
4882,4883,Upgrade,8140,50
4883,4884,Hero,8140,50
4884,4885,Monster,8150,50
4885,4886,Stage,8150,50
4888,4889,Upgrade,8150,50
4889,4890,Hero,8150,50
4890,4891,Monster,8160,50
4891,4892,Stage,8160,50
4894,4895,Upgrade,8160,50
4895,4896,Hero,8160,50
4896,4897,Monster,8170,50
4897,4898,Stage,8170,50
4900,4901,Upgrade,8170,50
4901,4902,Hero,8170,50
4902,4903,Monster,8180,50
4903,4904,Stage,8180,50
4906,4907,Upgrade,8180,50
4907,4908,Hero,8180,50
4908,4909,Monster,8190,50
4909,4910,Stage,8190,50
4912,4913,Upgrade,8190,50
4913,4914,Hero,8190,50
4914,4915,Monster,8200,50
4915,4916,Stage,8200,50
4918,4919,Upgrade,8200,50
4919,4920,Hero,8200,50
4920,4921,Monster,8210,50
4921,4922,Stage,8210,50
4924,4925,Upgrade,8210,50
4925,4926,Hero,8210,50
4926,4927,Monster,8220,50
4927,4928,Stage,8220,50
4930,4931,Upgrade,8220,50
4931,4932,Hero,8220,50
4932,4933,Monster,8230,50
4933,4934,Stage,8230,50
4936,4937,Upgrade,8230,50
4937,4938,Hero,8230,50
4938,4939,Monster,8240,50
4939,4940,Stage,8240,50
4942,4943,Upgrade,8240,50
4943,4944,Hero,8240,50
4944,4945,Monster,8250,50
4945,4946,Stage,8250,50
4948,4949,Upgrade,8250,50
4949,4950,Hero,8250,50
4950,4951,Monster,8260,50
4951,4952,Stage,8260,50
4954,4955,Upgrade,8260,50
4955,4956,Hero,8260,50
4956,4957,Monster,8270,50
4957,4958,Stage,8270,50
4960,4961,Upgrade,8270,50
4961,4962,Hero,8270,50
4962,4963,Monster,8280,50
4963,4964,Stage,8280,50
4966,4967,Upgrade,8280,50
4967,4968,Hero,8280,50
4968,4969,Monster,8290,50
4969,4970,Stage,8290,50
4972,4973,Upgrade,8290,50
4973,4974,Hero,8290,50
4974,4975,Monster,8300,50
4975,4976,Stage,8300,50
4978,4979,Upgrade,8300,50
4979,4980,Hero,8300,50
4980,4981,Monster,8310,50
4981,4982,Stage,8310,50
4984,4985,Upgrade,8310,50
4985,4986,Hero,8310,50
4986,4987,Monster,8320,50
4987,4988,Stage,8320,50
4990,4991,Upgrade,8320,50
4991,4992,Hero,8320,50
4992,4993,Monster,8330,50
4993,4994,Stage,8330,50
4996,4997,Upgrade,8330,50
4997,4998,Hero,8330,50
4998,4999,Monster,8340,50
4999,5000,Stage,8340,50
5002,5003,Upgrade,8340,50
5003,5004,Hero,8340,50
5004,5005,Monster,8350,50
5005,5006,Stage,8350,50
5008,5009,Upgrade,8350,50
5009,5010,Hero,8350,50
5010,5011,Monster,8360,50
5011,5012,Stage,8360,50
5014,5015,Upgrade,8360,50
5015,5016,Hero,8360,50
5016,5017,Monster,8370,50
5017,5018,Stage,8370,50
5020,5021,Upgrade,8370,50
5021,5022,Hero,8370,50
5022,5023,Monster,8380,50
5023,5024,Stage,8380,50
5026,5027,Upgrade,8380,50
5027,5028,Hero,8380,50
5028,5029,Monster,8390,50
5029,5030,Stage,8390,50
5032,5033,Upgrade,8390,50
5033,5034,Hero,8390,50
5034,5035,Monster,8400,50
5035,5036,Stage,8400,50
5038,5039,Upgrade,8400,50
5039,5040,Hero,8400,50
5040,5041,Monster,8410,50
5041,5042,Stage,8410,50
5044,5045,Upgrade,8410,50
5045,5046,Hero,8410,50
5046,5047,Monster,8420,50
5047,5048,Stage,8420,50
5050,5051,Upgrade,8420,50
5051,5052,Hero,8420,50
5052,5053,Monster,8430,50
5053,5054,Stage,8430,50
5056,5057,Upgrade,8430,50
5057,5058,Hero,8430,50
5058,5059,Monster,8440,50
5059,5060,Stage,8440,50
5062,5063,Upgrade,8440,50
5063,5064,Hero,8440,50
5064,5065,Monster,8450,50
5065,5066,Stage,8450,50
5068,5069,Upgrade,8450,50
5069,5070,Hero,8450,50
5070,5071,Monster,8460,50
5071,5072,Stage,8460,50
5074,5075,Upgrade,8460,50
5075,5076,Hero,8460,50
5076,5077,Monster,8470,50
5077,5078,Stage,8470,50
5080,5081,Upgrade,8470,50
5081,5082,Hero,8470,50
5082,5083,Monster,8480,50
5083,5084,Stage,8480,50
5086,5087,Upgrade,8480,50
5087,5088,Hero,8480,50
5088,5089,Monster,8490,50
5089,5090,Stage,8490,50
5092,5093,Upgrade,8490,50
5093,5094,Hero,8490,50
5094,5095,Monster,8500,50
5095,5096,Stage,8500,50
5098,5099,Upgrade,8500,50
5099,5100,Hero,8500,50
5100,5101,Monster,8510,50
5101,5102,Stage,8510,50
5104,5105,Upgrade,8510,50
5105,5106,Hero,8510,50
5106,5107,Monster,8520,50
5107,5108,Stage,8520,50
5110,5111,Upgrade,8520,50
5111,5112,Hero,8520,50
5112,5113,Monster,8530,50
5113,5114,Stage,8530,50
5116,5117,Upgrade,8530,50
5117,5118,Hero,8530,50
5118,5119,Monster,8540,50
5119,5120,Stage,8540,50
5122,5123,Upgrade,8540,50
5123,5124,Hero,8540,50
5124,5125,Monster,8550,50
5125,5126,Stage,8550,50
5128,5129,Upgrade,8550,50
5129,5130,Hero,8550,50
5130,5131,Monster,8560,50
5131,5132,Stage,8560,50
5134,5135,Upgrade,8560,50
5135,5136,Hero,8560,50
5136,5137,Monster,8570,50
5137,5138,Stage,8570,50
5140,5141,Upgrade,8570,50
5141,5142,Hero,8570,50
5142,5143,Monster,8580,50
5143,5144,Stage,8580,50
5146,5147,Upgrade,8580,50
5147,5148,Hero,8580,50
5148,5149,Monster,8590,50
5149,5150,Stage,8590,50
5152,5153,Upgrade,8590,50
5153,5154,Hero,8590,50
5154,5155,Monster,8600,50
5155,5156,Stage,8600,50
5158,5159,Upgrade,8600,50
5159,5160,Hero,8600,50
5160,5161,Monster,8610,50
5161,5162,Stage,8610,50
5164,5165,Upgrade,8610,50
5165,5166,Hero,8610,50
5166,5167,Monster,8620,50
5167,5168,Stage,8620,50
5170,5171,Upgrade,8620,50
5171,5172,Hero,8620,50
5172,5173,Monster,8630,50
5173,5174,Stage,8630,50
5176,5177,Upgrade,8630,50
5177,5178,Hero,8630,50
5178,5179,Monster,8640,50
5179,5180,Stage,8640,50
5182,5183,Upgrade,8640,50
5183,5184,Hero,8640,50
5184,5185,Monster,8650,50
5185,5186,Stage,8650,50
5188,5189,Upgrade,8650,50
5189,5190,Hero,8650,50
5190,5191,Monster,8660,50
5191,5192,Stage,8660,50
5194,5195,Upgrade,8660,50
5195,5196,Hero,8660,50
5196,5197,Monster,8670,50
5197,5198,Stage,8670,50
5200,5201,Upgrade,8670,50
5201,5202,Hero,8670,50
5202,5203,Monster,8680,50
5203,5204,Stage,8680,50
5206,5207,Upgrade,8680,50
5207,5208,Hero,8680,50
5208,5209,Monster,8690,50
5209,5210,Stage,8690,50
5212,5213,Upgrade,8690,50
5213,5214,Hero,8690,50
5214,5215,Monster,8700,50
5215,5216,Stage,8700,50
5218,5219,Upgrade,8700,50
5219,5220,Hero,8700,50
5220,5221,Monster,8710,50
5221,5222,Stage,8710,50
5224,5225,Upgrade,8710,50
5225,5226,Hero,8710,50
5226,5227,Monster,8720,50
5227,5228,Stage,8720,50
5230,5231,Upgrade,8720,50
5231,5232,Hero,8720,50
5232,5233,Monster,8730,50
5233,5234,Stage,8730,50
5236,5237,Upgrade,8730,50
5237,5238,Hero,8730,50
5238,5239,Monster,8740,50
5239,5240,Stage,8740,50
5242,5243,Upgrade,8740,50
5243,5244,Hero,8740,50
5244,5245,Monster,8750,50
5245,5246,Stage,8750,50
5248,5249,Upgrade,8750,50
5249,5250,Hero,8750,50
5250,5251,Monster,8760,50
5251,5252,Stage,8760,50
5254,5255,Upgrade,8760,50
5255,5256,Hero,8760,50
5256,5257,Monster,8770,50
5257,5258,Stage,8770,50
5260,5261,Upgrade,8770,50
5261,5262,Hero,8770,50
5262,5263,Monster,8780,50
5263,5264,Stage,8780,50
5266,5267,Upgrade,8780,50
5267,5268,Hero,8780,50
5268,5269,Monster,8790,50
5269,5270,Stage,8790,50
5272,5273,Upgrade,8790,50
5273,5274,Hero,8790,50
5274,5275,Monster,8800,50
5275,5276,Stage,8800,50
5278,5279,Upgrade,8800,50
5279,5280,Hero,8800,50
5280,5281,Monster,8810,50
5281,5282,Stage,8810,50
5284,5285,Upgrade,8810,50
5285,5286,Hero,8810,50
5286,5287,Monster,8820,50
5287,5288,Stage,8820,50
5290,5291,Upgrade,8820,50
5291,5292,Hero,8820,50
5292,5293,Monster,8830,50
5293,5294,Stage,8830,50
5296,5297,Upgrade,8830,50
5297,5298,Hero,8830,50
5298,5299,Monster,8840,50
5299,5300,Stage,8840,50
5302,5303,Upgrade,8840,50
5303,5304,Hero,8840,50
5304,5305,Monster,8850,50
5305,5306,Stage,8850,50
5308,5309,Upgrade,8850,50
5309,5310,Hero,8850,50
5310,5311,Monster,8860,50
5311,5312,Stage,8860,50
5314,5315,Upgrade,8860,50
5315,5316,Hero,8860,50
5316,5317,Monster,8870,50
5317,5318,Stage,8870,50
5320,5321,Upgrade,8870,50
5321,5322,Hero,8870,50
5322,5323,Monster,8880,50
5323,5324,Stage,8880,50
5326,5327,Upgrade,8880,50
5327,5328,Hero,8880,50
5328,5329,Monster,8890,50
5329,5330,Stage,8890,50
5332,5333,Upgrade,8890,50
5333,5334,Hero,8890,50
5334,5335,Monster,8900,50
5335,5336,Stage,8900,50
5338,5339,Upgrade,8900,50
5339,5340,Hero,8900,50
5340,5341,Monster,8910,50
5341,5342,Stage,8910,50
5344,5345,Upgrade,8910,50
5345,5346,Hero,8910,50
5346,5347,Monster,8920,50
5347,5348,Stage,8920,50
5350,5351,Upgrade,8920,50
5351,5352,Hero,8920,50
5352,5353,Monster,8930,50
5353,5354,Stage,8930,50
5356,5357,Upgrade,8930,50
5357,5358,Hero,8930,50
5358,5359,Monster,8940,50
5359,5360,Stage,8940,50
5362,5363,Upgrade,8940,50
5363,5364,Hero,8940,50
5364,5365,Monster,8950,50
5365,5366,Stage,8950,50
5368,5369,Upgrade,8950,50
5369,5370,Hero,8950,50
5370,5371,Monster,8960,50
5371,5372,Stage,8960,50
5374,5375,Upgrade,8960,50
5375,5376,Hero,8960,50
5376,5377,Monster,8970,50
5377,5378,Stage,8970,50
5380,5381,Upgrade,8970,50
5381,5382,Hero,8970,50
5382,5383,Monster,8980,50
5383,5384,Stage,8980,50
5386,5387,Upgrade,8980,50
5387,5388,Hero,8980,50
5388,5389,Monster,8990,50
5389,5390,Stage,8990,50
5392,5393,Upgrade,8990,50
5393,5394,Hero,8990,50
5394,5395,Monster,9000,50
5395,5396,Stage,9000,50
5398,5399,Upgrade,9000,50
5399,5400,Hero,9000,50
5400,5401,Monster,9010,50
5401,5402,Stage,9010,50
5404,5405,Upgrade,9010,50
5405,5406,Hero,9010,50
5406,5407,Monster,9020,50
5407,5408,Stage,9020,50
5410,5411,Upgrade,9020,50
5411,5412,Hero,9020,50
5412,5413,Monster,9030,50
5413,5414,Stage,9030,50
5416,5417,Upgrade,9030,50
5417,5418,Hero,9030,50
5418,5419,Monster,9040,50
5419,5420,Stage,9040,50
5422,5423,Upgrade,9040,50
5423,5424,Hero,9040,50
5424,5425,Monster,9050,50
5425,5426,Stage,9050,50
5428,5429,Upgrade,9050,50
5429,5430,Hero,9050,50
5430,5431,Monster,9060,50
5431,5432,Stage,9060,50
5434,5435,Upgrade,9060,50
5435,5436,Hero,9060,50
5436,5437,Monster,9070,50
5437,5438,Stage,9070,50
5440,5441,Upgrade,9070,50
5441,5442,Hero,9070,50
5442,5443,Monster,9080,50
5443,5444,Stage,9080,50
5446,5447,Upgrade,9080,50
5447,5448,Hero,9080,50
5448,5449,Monster,9090,50
5449,5450,Stage,9090,50
5452,5453,Upgrade,9090,50
5453,5454,Hero,9090,50
5454,5455,Monster,9100,50
5455,5456,Stage,9100,50
5458,5459,Upgrade,9100,50
5459,5460,Hero,9100,50
5460,5461,Monster,9110,50
5461,5462,Stage,9110,50
5464,5465,Upgrade,9110,50
5465,5466,Hero,9110,50
5466,5467,Monster,9120,50
5467,5468,Stage,9120,50
5470,5471,Upgrade,9120,50
5471,5472,Hero,9120,50
5472,5473,Monster,9130,50
5473,5474,Stage,9130,50
5476,5477,Upgrade,9130,50
5477,5478,Hero,9130,50
5478,5479,Monster,9140,50
5479,5480,Stage,9140,50
5482,5483,Upgrade,9140,50
5483,5484,Hero,9140,50
5484,5485,Monster,9150,50
5485,5486,Stage,9150,50
5488,5489,Upgrade,9150,50
5489,5490,Hero,9150,50
5490,5491,Monster,9160,50
5491,5492,Stage,9160,50
5494,5495,Upgrade,9160,50
5495,5496,Hero,9160,50
5496,5497,Monster,9170,50
5497,5498,Stage,9170,50
5500,5501,Upgrade,9170,50
5501,5502,Hero,9170,50
5502,5503,Monster,9180,50
5503,5504,Stage,9180,50
5506,5507,Upgrade,9180,50
5507,5508,Hero,9180,50
5508,5509,Monster,9190,50
5509,5510,Stage,9190,50
5512,5513,Upgrade,9190,50
5513,5514,Hero,9190,50
5514,5515,Monster,9200,50
5515,5516,Stage,9200,50
5518,5519,Upgrade,9200,50
5519,5520,Hero,9200,50
5520,5521,Monster,9210,50
5521,5522,Stage,9210,50
5524,5525,Upgrade,9210,50
5525,5526,Hero,9210,50
5526,5527,Monster,9220,50
5527,5528,Stage,9220,50
5530,5531,Upgrade,9220,50
5531,5532,Hero,9220,50
5532,5533,Monster,9230,50
5533,5534,Stage,9230,50
5536,5537,Upgrade,9230,50
5537,5538,Hero,9230,50
5538,5539,Monster,9240,50
5539,5540,Stage,9240,50
5542,5543,Upgrade,9240,50
5543,5544,Hero,9240,50
5544,5545,Monster,9250,50
5545,5546,Stage,9250,50
5548,5549,Upgrade,9250,50
5549,5550,Hero,9250,50
5550,5551,Monster,9260,50
5551,5552,Stage,9260,50
5554,5555,Upgrade,9260,50
5555,5556,Hero,9260,50
5556,5557,Monster,9270,50
5557,5558,Stage,9270,50
5560,5561,Upgrade,9270,50
5561,5562,Hero,9270,50
5562,5563,Monster,9280,50
5563,5564,Stage,9280,50
5566,5567,Upgrade,9280,50
5567,5568,Hero,9280,50
5568,5569,Monster,9290,50
5569,5570,Stage,9290,50
5572,5573,Upgrade,9290,50
5573,5574,Hero,9290,50
5574,5575,Monster,9300,50
5575,5576,Stage,9300,50
5578,5579,Upgrade,9300,50
5579,5580,Hero,9300,50
5580,5581,Monster,9310,50
5581,5582,Stage,9310,50
5584,5585,Upgrade,9310,50
5585,5586,Hero,9310,50
5586,5587,Monster,9320,50
5587,5588,Stage,9320,50
5590,5591,Upgrade,9320,50
5591,5592,Hero,9320,50
5592,5593,Monster,9330,50
5593,5594,Stage,9330,50
5596,5597,Upgrade,9330,50
5597,5598,Hero,9330,50
5598,5599,Monster,9340,50
5599,5600,Stage,9340,50
5602,5603,Upgrade,9340,50
5603,5604,Hero,9340,50
5604,5605,Monster,9350,50
5605,5606,Stage,9350,50
5608,5609,Upgrade,9350,50
5609,5610,Hero,9350,50
5610,5611,Monster,9360,50
5611,5612,Stage,9360,50
5614,5615,Upgrade,9360,50
5615,5616,Hero,9360,50
5616,5617,Monster,9370,50
5617,5618,Stage,9370,50
5620,5621,Upgrade,9370,50
5621,5622,Hero,9370,50
5622,5623,Monster,9380,50
5623,5624,Stage,9380,50
5626,5627,Upgrade,9380,50
5627,5628,Hero,9380,50
5628,5629,Monster,9390,50
5629,5630,Stage,9390,50
5632,5633,Upgrade,9390,50
5633,5634,Hero,9390,50
5634,5635,Monster,9400,50
5635,5636,Stage,9400,50
5638,5639,Upgrade,9400,50
5639,5640,Hero,9400,50
5640,5641,Monster,9410,50
5641,5642,Stage,9410,50
5644,5645,Upgrade,9410,50
5645,5646,Hero,9410,50
5646,5647,Monster,9420,50
5647,5648,Stage,9420,50
5650,5651,Upgrade,9420,50
5651,5652,Hero,9420,50
5652,5653,Monster,9430,50
5653,5654,Stage,9430,50
5656,5657,Upgrade,9430,50
5657,5658,Hero,9430,50
5658,5659,Monster,9440,50
5659,5660,Stage,9440,50
5662,5663,Upgrade,9440,50
5663,5664,Hero,9440,50
5664,5665,Monster,9450,50
5665,5666,Stage,9450,50
5668,5669,Upgrade,9450,50
5669,5670,Hero,9450,50
5670,5671,Monster,9460,50
5671,5672,Stage,9460,50
5674,5675,Upgrade,9460,50
5675,5676,Hero,9460,50
5676,5677,Monster,9470,50
5677,5678,Stage,9470,50
5680,5681,Upgrade,9470,50
5681,5682,Hero,9470,50
5682,5683,Monster,9480,50
5683,5684,Stage,9480,50
5686,5687,Upgrade,9480,50
5687,5688,Hero,9480,50
5688,5689,Monster,9490,50
5689,5690,Stage,9490,50
5692,5693,Upgrade,9490,50
5693,5694,Hero,9490,50
5694,5695,Monster,9500,50
5695,5696,Stage,9500,50
5698,5699,Upgrade,9500,50
5699,5700,Hero,9500,50
5700,5701,Monster,9510,50
5701,5702,Stage,9510,50
5704,5705,Upgrade,9510,50
5705,5706,Hero,9510,50
5706,5707,Monster,9520,50
5707,5708,Stage,9520,50
5710,5711,Upgrade,9520,50
5711,5712,Hero,9520,50
5712,5713,Monster,9530,50
5713,5714,Stage,9530,50
5716,5717,Upgrade,9530,50
5717,5718,Hero,9530,50
5718,5719,Monster,9540,50
5719,5720,Stage,9540,50
5722,5723,Upgrade,9540,50
5723,5724,Hero,9540,50
5724,5725,Monster,9550,50
5725,5726,Stage,9550,50
5728,5729,Upgrade,9550,50
5729,5730,Hero,9550,50
5730,5731,Monster,9560,50
5731,5732,Stage,9560,50
5734,5735,Upgrade,9560,50
5735,5736,Hero,9560,50
5736,5737,Monster,9570,50
5737,5738,Stage,9570,50
5740,5741,Upgrade,9570,50
5741,5742,Hero,9570,50
5742,5743,Monster,9580,50
5743,5744,Stage,9580,50
5746,5747,Upgrade,9580,50
5747,5748,Hero,9580,50
5748,5749,Monster,9590,50
5749,5750,Stage,9590,50
5752,5753,Upgrade,9590,50
5753,5754,Hero,9590,50
5754,5755,Monster,9600,50
5755,5756,Stage,9600,50
5758,5759,Upgrade,9600,50
5759,5760,Hero,9600,50
5760,5761,Monster,9610,50
5761,5762,Stage,9610,50
5764,5765,Upgrade,9610,50
5765,5766,Hero,9610,50
5766,5767,Monster,9620,50
5767,5768,Stage,9620,50
5770,5771,Upgrade,9620,50
5771,5772,Hero,9620,50
5772,5773,Monster,9630,50
5773,5774,Stage,9630,50
5776,5777,Upgrade,9630,50
5777,5778,Hero,9630,50
5778,5779,Monster,9640,50
5779,5780,Stage,9640,50
5782,5783,Upgrade,9640,50
5783,5784,Hero,9640,50
5784,5785,Monster,9650,50
5785,5786,Stage,9650,50
5788,5789,Upgrade,9650,50
5789,5790,Hero,9650,50
5790,5791,Monster,9660,50
5791,5792,Stage,9660,50
5794,5795,Upgrade,9660,50
5795,5796,Hero,9660,50
5796,5797,Monster,9670,50
5797,5798,Stage,9670,50
5800,5801,Upgrade,9670,50
5801,5802,Hero,9670,50
5802,5803,Monster,9680,50
5803,5804,Stage,9680,50
5806,5807,Upgrade,9680,50
5807,5808,Hero,9680,50
5808,5809,Monster,9690,50
5809,5810,Stage,9690,50
5812,5813,Upgrade,9690,50
5813,5814,Hero,9690,50
5814,5815,Monster,9700,50
5815,5816,Stage,9700,50
5818,5819,Upgrade,9700,50
5819,5820,Hero,9700,50
5820,5821,Monster,9710,50
5821,5822,Stage,9710,50
5824,5825,Upgrade,9710,50
5825,5826,Hero,9710,50
5826,5827,Monster,9720,50
5827,5828,Stage,9720,50
5830,5831,Upgrade,9720,50
5831,5832,Hero,9720,50
5832,5833,Monster,9730,50
5833,5834,Stage,9730,50
5836,5837,Upgrade,9730,50
5837,5838,Hero,9730,50
5838,5839,Monster,9740,50
5839,5840,Stage,9740,50
5842,5843,Upgrade,9740,50
5843,5844,Hero,9740,50
5844,5845,Monster,9750,50
5845,5846,Stage,9750,50
5848,5849,Upgrade,9750,50
5849,5850,Hero,9750,50
5850,5851,Monster,9760,50
5851,5852,Stage,9760,50
5854,5855,Upgrade,9760,50
5855,5856,Hero,9760,50
5856,5857,Monster,9770,50
5857,5858,Stage,9770,50
5860,5861,Upgrade,9770,50
5861,5862,Hero,9770,50
5862,5863,Monster,9780,50
5863,5864,Stage,9780,50
5866,5867,Upgrade,9780,50
5867,5868,Hero,9780,50
5868,5869,Monster,9790,50
5869,5870,Stage,9790,50
5872,5873,Upgrade,9790,50
5873,5874,Hero,9790,50
5874,5875,Monster,9800,50
5875,5876,Stage,9800,50
5878,5879,Upgrade,9800,50
5879,5880,Hero,9800,50
5880,5881,Monster,9810,50
5881,5882,Stage,9810,50
5884,5885,Upgrade,9810,50
5885,5886,Hero,9810,50
5886,5887,Monster,9820,50
5887,5888,Stage,9820,50
5890,5891,Upgrade,9820,50
5891,5892,Hero,9820,50
5892,5893,Monster,9830,50
5893,5894,Stage,9830,50
5896,5897,Upgrade,9830,50
5897,5898,Hero,9830,50
5898,5899,Monster,9840,50
5899,5900,Stage,9840,50
5902,5903,Upgrade,9840,50
5903,5904,Hero,9840,50
5904,5905,Monster,9850,50
5905,5906,Stage,9850,50
5908,5909,Upgrade,9850,50
5909,5910,Hero,9850,50
5910,5911,Monster,9860,50
5911,5912,Stage,9860,50
5914,5915,Upgrade,9860,50
5915,5916,Hero,9860,50
5916,5917,Monster,9870,50
5917,5918,Stage,9870,50
5920,5921,Upgrade,9870,50
5921,5922,Hero,9870,50
5922,5923,Monster,9880,50
5923,5924,Stage,9880,50
5926,5927,Upgrade,9880,50
5927,5928,Hero,9880,50
5928,5929,Monster,9890,50
5929,5930,Stage,9890,50
5932,5933,Upgrade,9890,50
5933,5934,Hero,9890,50
5934,5935,Monster,9900,50
5935,5936,Stage,9900,50
5938,5939,Upgrade,9900,50
5939,5940,Hero,9900,50
5940,5941,Monster,9910,50
5941,5942,Stage,9910,50
5944,5945,Upgrade,9910,50
5945,5946,Hero,9910,50
5946,5947,Monster,9920,50
5947,5948,Stage,9920,50
5950,5951,Upgrade,9920,50
5951,5952,Hero,9920,50
5952,5953,Monster,9930,50
5953,5954,Stage,9930,50
5956,5957,Upgrade,9930,50
5957,5958,Hero,9930,50
5958,5959,Monster,9940,50
5959,5960,Stage,9940,50
5962,5963,Upgrade,9940,50
5963,5964,Hero,9940,50
5964,5965,Monster,9950,50
5965,5966,Stage,9950,50
5968,5969,Upgrade,9950,50
5969,5970,Hero,9950,50
5970,5971,Monster,9960,50
5971,5972,Stage,9960,50
5974,5975,Upgrade,9960,50
5975,5976,Hero,9960,50
5976,5977,Monster,9970,50
5977,5978,Stage,9970,50
5980,5981,Upgrade,9970,50
5981,5982,Hero,9970,50
5982,5983,Monster,9980,50
5983,5984,Stage,9980,50
5986,5987,Upgrade,9980,50
5987,5988,Hero,9980,50
5988,5989,Monster,9990,50
5989,5990,Stage,9990,50
5992,5993,Upgrade,9990,50
5993,5994,Hero,9990,50
5994,5995,Monster,10000,50
5995,5996,Stage,10000,50
5998,5999,Upgrade,10000,50
5999,6000,Hero,10000,50